GeoID,NAME,Land_Area_Sq_Miles
01001,Autauga County,594.455
01003,Baldwin County,1589.863
01005,Barbour County,885.008
01007,Bibb County,622.47
01009,Blount County,644.891
01011,Bullock County,622.815
01013,Butler County,776.839
01015,Calhoun County,605.89
01017,Chambers County,596.554
01019,Cherokee County,553.524
01021,Chilton County,692.837
01023,Choctaw County,913.479
01025,Clarke County,1238.42
01027,Clay County,603.962
01029,Cleburne County,560.105
01031,Coffee County,678.986
01033,Colbert County,592.953
01035,Conecuh County,850.279
01037,Coosa County,650.909
01039,Covington County,1030.571
01041,Crenshaw County,608.865
01043,Cullman County,734.739
01045,Dale County,561.113
01047,Dallas County,978.738
01049,DeKalb County,777.077
01051,Elmore County,618.516
01053,Escambia County,945.408
01055,Etowah County,535.105
01057,Fayette County,627.684
01059,Franklin County,633.959
01061,Geneva County,574.485
01063,Greene County,647.023
01065,Hale County,643.99
01067,Henry County,561.892
01069,Houston County,579.826
01071,Jackson County,1078.015
01073,Jefferson County,1111.54
01075,Lamar County,604.846
01077,Lauderdale County,668.018
01079,Lawrence County,690.684
01081,Lee County,607.545
01083,Limestone County,563.404
01085,Lowndes County,716.085
01087,Macon County,608.665
01089,Madison County,801.602
01091,Marengo County,976.898
01093,Marion County,742.342
01095,Marshall County,565.845
01097,Mobile County,1229.374
01099,Monroe County,1025.669
01101,Montgomery County,785.355
01103,Morgan County,579.669
01105,Perry County,719.67
01107,Pickens County,881.408
01109,Pike County,672.067
01111,Randolph County,580.55
01113,Russell County,641.182
01115,St. Clair County,631.57
01117,Shelby County,785.441
01119,Sumter County,903.826
01121,Talladega County,736.817
01123,Tallapoosa County,716.528
01125,Tuscaloosa County,1320.848
01127,Walker County,791.03
01129,Washington County,1080.255
01131,Wilcox County,887.858
01133,Winston County,612.998
02013,Aleutians East Borough,6986.254
02016,Aleutians West Census Area,4393.026
02020,Anchorage Municipality,1707.004
02050,Bethel Census Area,40638.578
02060,Bristol Bay Borough,481.952
02063,Chugach Census Area,9530.193
02066,Copper River Census Area,24692.42
02068,Denali Borough,12641.049
02070,Dillingham Census Area,18333.994
02090,Fairbanks North Star Borough,7334.752
02100,Haines Borough,2343.605
02105,Hoonah-Angoon Census Area,6559.711
02110,Juneau City and Borough,2704.203
02122,Kenai Peninsula Borough,16017.53
02130,Ketchikan Gateway Borough,4857.02
02150,Kodiak Island Borough,6689.481
02158,Kusilvak Census Area,17077.09
02164,Lake and Peninsula Borough,23831.86
02170,Matanuska-Susitna Borough,24707.306
02180,Nome Census Area,22969.508
02185,North Slope Borough,88823.624
02188,Northwest Arctic Borough,35663.282
02195,Petersburg Borough,2900.828
02198,Prince of Wales-Hyder Census Area,5267.817
02220,Sitka City and Borough,2870.063
02230,Skagway Municipality,433.971
02240,Southeast Fairbanks Census Area,24832.27
02275,Wrangell City and Borough,2556.131
02282,Yakutat City and Borough,7625.25
02290,Yukon-Koyukuk Census Area,145581.869
04001,Apache County,11198.313
04003,Cochise County,6209.863
04005,Coconino County,18616.354
04007,Gila County,4757.578
04009,Graham County,4621.877
04011,Greenlee County,1842.838
04012,La Paz County,4496.579
04013,Maricopa County,9202.016
04015,Mohave County,13332.117
04017,Navajo County,9949.492
04019,Pima County,9188.683
04021,Pinal County,5366.671
04023,Santa Cruz County,1236.26
04025,Yavapai County,8122.932
04027,Yuma County,5513.82
05001,Arkansas County,992.14
05003,Ashley County,925.492
05005,Baxter County,553.931
05007,Benton County,847.733
05009,Boone County,589.723
05011,Bradley County,649.167
05013,Calhoun County,628.601
05015,Carroll County,629.928
05017,Chicot County,636.978
05019,Clark County,865.971
05021,Clay County,639.224
05023,Cleburne County,553.959
05025,Cleveland County,597.91
05027,Columbia County,766.065
05029,Conway County,551.917
05031,Craighead County,707.162
05033,Crawford County,595.269
05035,Crittenden County,612.865
05037,Cross County,616.318
05039,Dallas County,667.323
05041,Desha County,741.227
05043,Drew County,828.667
05045,Faulkner County,647.243
05047,Franklin County,608.967
05049,Fulton County,617.994
05051,Garland County,677.615
05053,Grant County,631.888
05055,Greene County,577.34
05057,Hempstead County,727.2
05059,Hot Spring County,614.944
05061,Howard County,587.332
05063,Independence County,763.712
05065,Izard County,580.201
05067,Jackson County,633.611
05069,Jefferson County,872.346
05071,Johnson County,660.99
05073,Lafayette County,529.472
05075,Lawrence County,587.528
05077,Lee County,599.807
05079,Lincoln County,559.466
05081,Little River County,531.255
05083,Logan County,709.115
05085,Lonoke County,771.45
05087,Madison County,834.238
05089,Marion County,596.598
05091,Miller County,624.04
05093,Mississippi County,902.093
05095,Monroe County,607.461
05097,Montgomery County,780.453
05099,Nevada County,617.79
05101,Newton County,821.076
05103,Ouachita County,732.721
05105,Perry County,551.336
05107,Phillips County,690.36
05109,Pike County,600.335
05111,Poinsett County,758.295
05113,Polk County,856.838
05115,Pope County,810.952
05117,Prairie County,647.516
05119,Pulaski County,758.366
05121,Randolph County,651.913
05123,St. Francis County,634.784
05125,Saline County,723.516
05127,Scott County,892.85
05129,Searcy County,665.879
05131,Sebastian County,531.183
05133,Sevier County,563.569
05135,Sharp County,604.641
05137,Stone County,606.44
05139,Union County,1039.067
05141,Van Buren County,709.57
05143,Washington County,941.45
05145,White County,1033.966
05147,Woodruff County,585.973
05149,Yell County,930.386
06001,Alameda County,737.459
06003,Alpine County,738.34
06005,Amador County,594.585
06007,Butte County,1636.49
06009,Calaveras County,1020.016
06011,Colusa County,1150.679
06013,Contra Costa County,716.896
06015,Del Norte County,1006.202
06017,El Dorado County,1707.841
06019,Fresno County,5958.383
06021,Glenn County,1313.968
06023,Humboldt County,3568.025
06025,Imperial County,4175.528
06027,Inyo County,10197.261
06029,Kern County,8134.673
06031,Kings County,1390.972
06033,Lake County,1255.082
06035,Lassen County,4541.369
06037,Los Angeles County,4060.246
06039,Madera County,2136.918
06041,Marin County,520.141
06043,Mariposa County,1448.84
06045,Mendocino County,3506.807
06047,Merced County,1938.004
06049,Modoc County,3948.233
06051,Mono County,3048.904
06053,Monterey County,3281.718
06055,Napa County,751.975
06057,Nevada County,957.76
06059,Orange County,792.861
06061,Placer County,1407.084
06063,Plumas County,2553.062
06065,Riverside County,7209.253
06067,Sacramento County,965.28
06069,San Benito County,1388.652
06071,San Bernardino County,20068.167
06073,San Diego County,4210.46
06075,San Francisco County,46.7
06077,San Joaquin County,1392.238
06079,San Luis Obispo County,3300.842
06081,San Mateo County,448.606
06083,Santa Barbara County,2733.941
06085,Santa Clara County,1291.084
06087,Santa Cruz County,445.106
06089,Shasta County,3775.651
06091,Sierra County,953.168
06093,Siskiyou County,6278.767
06095,Solano County,821.736
06097,Sonoma County,1575.337
06099,Stanislaus County,1496.15
06101,Sutter County,602.696
06103,Tehama County,2949.137
06105,Trinity County,3179.268
06107,Tulare County,4823.899
06109,Tuolumne County,2220.911
06111,Ventura County,1840.775
06113,Yolo County,1012.988
06115,Yuba County,632.006
08001,Adams County,1166.74
08003,Alamosa County,722.645
08005,Arapahoe County,797.884
08007,Archuleta County,1350.088
08009,Baca County,2554.993
08011,Bent County,1512.847
08013,Boulder County,726.385
08014,Broomfield County,32.968
08015,Chaffee County,1013.408
08017,Cheyenne County,1778.276
08019,Clear Creek County,395.073
08021,Conejos County,1287.428
08023,Costilla County,1227.593
08025,Crowley County,787.428
08027,Custer County,738.626
08029,Delta County,1142.125
08031,Denver County,153.074
08033,Dolores County,1067.17
08035,Douglas County,840.888
08037,Eagle County,1684.47
08039,Elbert County,1850.086
08041,El Paso County,2126.416
08043,Fremont County,1533.835
08045,Garfield County,2947.425
08047,Gilpin County,150.023
08049,Grand County,1846.447
08051,Gunnison County,3239.14
08053,Hinsdale County,1117.231
08055,Huerfano County,1591.033
08057,Jackson County,1613.726
08059,Jefferson County,764.383
08061,Kiowa County,1767.809
08063,Kit Carson County,2160.822
08065,Lake County,376.919
08067,La Plata County,1689.682
08069,Larimer County,2595.747
08071,Las Animas County,4772.938
08073,Lincoln County,2577.73
08075,Logan County,1838.599
08077,Mesa County,3328.721
08079,Mineral County,875.76
08081,Moffat County,4743.244
08083,Montezuma County,2029.349
08085,Montrose County,2240.946
08087,Morgan County,1280.485
08089,Otero County,1261.946
08091,Ouray County,540.671
08093,Park County,2193.51
08095,Phillips County,687.928
08097,Pitkin County,970.701
08099,Prowers County,1638.407
08101,Pueblo County,2386.591
08103,Rio Blanco County,3220.971
08105,Rio Grande County,911.956
08107,Routt County,2362.02
08109,Saguache County,3168.566
08111,San Juan County,387.516
08113,San Miguel County,1286.725
08115,Sedgwick County,548.041
08117,Summit County,608.328
08119,Teller County,557.141
08121,Washington County,2518.084
08123,Weld County,3984.958
08125,Yuma County,2364.399
09110,Capitol Planning Region,1027.349
09120,Greater Bridgeport Planning Region,140.181
09130,Lower Connecticut River Valley Planning Region,424.115
09140,Naugatuck Valley Planning Region,412.784
09150,Northeastern Connecticut Planning Region,553.895
09160,Northwest Hills Planning Region,786.642
09170,South Central Connecticut Planning Region,367.169
09180,Southeastern Connecticut Planning Region,598.135
09190,Western Connecticut Planning Region,532.127
10001,Kent County,586.061
10003,New Castle County,426.337
10005,Sussex County,936.146
11001,District of Columbia,61.126
12001,Alachua County,875.645
12003,Baker County,585.23
12005,Bay County,758.598
12007,Bradford County,293.966
12009,Brevard County,1014.97
12011,Broward County,1202.909
12013,Calhoun County,567.336
12015,Charlotte County,681.118
12017,Citrus County,581.912
12019,Clay County,604.598
12021,Collier County,1996.848
12023,Columbia County,797.377
12027,DeSoto County,636.695
12029,Dixie County,705.035
12031,Duval County,762.617
12033,Escambia County,656.994
12035,Flagler County,486.191
12037,Franklin County,544.999
12039,Gadsden County,516.375
12041,Gilchrist County,349.695
12043,Glades County,806.822
12045,Gulf County,553.461
12047,Hamilton County,514.295
12049,Hardee County,637.569
12051,Hendry County,1155.95
12053,Hernando County,472.966
12055,Highlands County,1017.66
12057,Hillsborough County,1022.502
12059,Holmes County,478.857
12061,Indian River County,502.527
12063,Jackson County,918.23
12065,Jefferson County,598.079
12067,Lafayette County,543.345
12069,Lake County,952.13
12071,Lee County,781.026
12073,Leon County,668.428
12075,Levy County,1118.254
12077,Liberty County,835.563
12079,Madison County,696.529
12081,Manatee County,742.762
12083,Marion County,1588.422
12085,Martin County,543.822
12086,Miami-Dade County,1899.925
12087,Monroe County,983.034
12089,Nassau County,648.681
12091,Okaloosa County,929.862
12093,Okeechobee County,769.286
12095,Orange County,902.992
12097,Osceola County,1327.542
12099,Palm Beach County,1964.292
12101,Pasco County,746.604
12103,Pinellas County,273.782
12105,Polk County,1798.119
12107,Putnam County,728.354
12109,St. Johns County,600.641
12111,St. Lucie County,571.873
12113,Santa Rosa County,1012.401
12115,Sarasota County,556.006
12117,Seminole County,309.379
12119,Sumter County,557.144
12121,Suwannee County,688.586
12123,Taylor County,1043.337
12125,Union County,243.555
12127,Volusia County,1101.116
12129,Wakulla County,606.418
12131,Walton County,1038.298
12133,Washington County,584.677
13001,Appling County,508.262
13003,Atkinson County,342.718
13005,Bacon County,284.082
13007,Baker County,341.957
13009,Baldwin County,258.699
13011,Banks County,232.616
13013,Barrow County,161.037
13015,Bartow County,458.912
13017,Ben Hill County,250.118
13019,Berrien County,453.376
13021,Bibb County,249.383
13023,Bleckley County,215.878
13025,Brantley County,443.235
13027,Brooks County,493.184
13029,Bryan County,437.564
13031,Bulloch County,675.963
13033,Burke County,827.04
13035,Butts County,183.69
13037,Calhoun County,280.384
13039,Camden County,630.272
13043,Candler County,243.059
13045,Carroll County,499.135
13047,Catoosa County,162.162
13049,Charlton County,780.087
13051,Chatham County,432.716
13053,Chattahoochee County,248.737
13055,Chattooga County,313.327
13057,Cherokee County,421.019
13059,Clarke County,119.3
13061,Clay County,195.404
13063,Clayton County,141.756
13065,Clinch County,814.996
13067,Cobb County,339.706
13069,Coffee County,592.247
13071,Colquitt County,547.032
13073,Columbia County,290.194
13075,Cook County,228.451
13077,Coweta County,441.071
13079,Crawford County,324.914
13081,Crisp County,272.68
13083,Dade County,174.076
13085,Dawson County,210.828
13087,Decatur County,597.239
13089,DeKalb County,267.683
13091,Dodge County,495.963
13093,Dooly County,392.631
13095,Dougherty County,328.644
13097,Douglas County,200.206
13099,Early County,512.6
13101,Echols County,420.407
13103,Effingham County,478.83
13105,Elbert County,351.103
13107,Emanuel County,680.574
13109,Evans County,182.895
13111,Fannin County,387.105
13113,Fayette County,194.567
13115,Floyd County,509.833
13117,Forsyth County,224.632
13119,Franklin County,261.342
13121,Fulton County,526.74
13123,Gilmer County,426.216
13125,Glascock County,143.746
13127,Glynn County,419.636
13129,Gordon County,356.443
13131,Grady County,454.462
13133,Greene County,387.517
13135,Gwinnett County,431.124
13137,Habersham County,276.867
13139,Hall County,392.628
13141,Hancock County,471.067
13143,Haralson County,282.165
13145,Harris County,463.813
13147,Hart County,232.422
13149,Heard County,295.973
13151,Henry County,318.701
13153,Houston County,376.046
13155,Irwin County,354.363
13157,Jackson County,339.576
13159,Jasper County,368.406
13161,Jeff Davis County,330.919
13163,Jefferson County,526.555
13165,Jenkins County,347.378
13167,Johnson County,303.019
13169,Jones County,393.942
13171,Lamar County,183.501
13173,Lanier County,196.538
13175,Laurens County,807.336
13177,Lee County,355.844
13179,Liberty County,516.463
13181,Lincoln County,210.381
13183,Long County,400.399
13185,Lowndes County,497.239
13187,Lumpkin County,282.944
13189,McDuffie County,257.372
13191,McIntosh County,431.347
13193,Macon County,400.662
13195,Madison County,282.324
13197,Marion County,365.721
13199,Meriwether County,500.907
13201,Miller County,282.423
13205,Mitchell County,512.158
13207,Monroe County,396.092
13209,Montgomery County,241.145
13211,Morgan County,347.411
13213,Murray County,344.494
13215,Muscogee County,216.5
13217,Newton County,273.814
13219,Oconee County,184.342
13221,Oglethorpe County,439.062
13223,Paulding County,312.385
13225,Peach County,150.284
13227,Pickens County,232.059
13229,Pierce County,340.456
13231,Pike County,216.086
13233,Polk County,310.34
13235,Pulaski County,249.261
13237,Putnam County,344.682
13239,Quitman County,151.237
13241,Rabun County,370.134
13243,Randolph County,428.236
13245,Richmond County,324.34
13247,Rockdale County,129.819
13249,Schley County,166.909
13251,Screven County,645.821
13253,Seminole County,237.546
13255,Spalding County,195.97
13257,Stephens County,178.862
13259,Stewart County,458.748
13261,Sumter County,482.877
13263,Talbot County,391.377
13265,Taliaferro County,194.607
13267,Tattnall County,480.84
13269,Taylor County,376.686
13271,Telfair County,437.307
13273,Terrell County,335.791
13275,Thomas County,544.633
13277,Tift County,260.89
13279,Toombs County,364.013
13281,Towns County,166.479
13283,Treutlen County,199.431
13285,Troup County,414.009
13287,Turner County,285.417
13289,Twiggs County,359.26
13291,Union County,322.083
13293,Upson County,323.467
13295,Walker County,446.286
13297,Walton County,326.82
13299,Ware County,899.24
13301,Warren County,284.358
13303,Washington County,678.526
13305,Wayne County,641.813
13307,Webster County,209.657
13309,Wheeler County,295.49
13311,White County,240.744
13313,Whitfield County,290.445
13315,Wilcox County,377.811
13317,Wilkes County,469.501
13319,Wilkinson County,449.214
13321,Worth County,570.691
15001,Hawaii County,4028.431
15003,Honolulu County,600.786
15005,Kalawao County,11.991
15007,Kauai County,619.84
15009,Maui County,1161.54
16001,Ada County,1052.016
16003,Adams County,1362.805
16005,Bannock County,1112.489
16007,Bear Lake County,975.728
16009,Benewah County,776.931
16011,Bingham County,2093.732
16013,Blaine County,2637.738
16015,Boise County,1899.556
16017,Bonner County,1733.225
16019,Bonneville County,1865.96
16021,Boundary County,1268.679
16023,Butte County,2236.487
16025,Camas County,1074.234
16027,Canyon County,587.05
16029,Caribou County,1764.194
16031,Cassia County,2565.61
16033,Clark County,1763.145
16035,Clearwater County,2457.314
16037,Custer County,4922.177
16039,Elmore County,3075.079
16041,Franklin County,663.019
16043,Fremont County,1863.96
16045,Gem County,559.769
16047,Gooding County,729.322
16049,Idaho County,8477.499
16051,Jefferson County,1093.681
16053,Jerome County,597.543
16055,Kootenai County,1237.78
16057,Latah County,1075.867
16059,Lemhi County,4563.695
16061,Lewis County,478.822
16063,Lincoln County,1201.364
16065,Madison County,469.267
16067,Minidoka County,756.996
16069,Nez Perce County,848.32
16071,Oneida County,1198.951
16073,Owyhee County,7668.204
16075,Payette County,406.893
16077,Power County,1403.826
16079,Shoshone County,2637.425
16081,Teton County,449.091
16083,Twin Falls County,1921.714
16085,Valley County,3665.119
16087,Washington County,1452.852
17001,Adams County,855.151
17003,Alexander County,235.394
17005,Bond County,380.336
17007,Boone County,280.741
17009,Brown County,305.727
17011,Bureau County,869.071
17013,Calhoun County,253.829
17015,Carroll County,445.406
17017,Cass County,375.754
17019,Champaign County,996.104
17021,Christian County,709.483
17023,Clark County,501.375
17025,Clay County,468.351
17027,Clinton County,473.941
17029,Coles County,508.272
17031,Cook County,944.925
17033,Crawford County,443.643
17035,Cumberland County,345.944
17037,DeKalb County,631.337
17039,De Witt County,397.561
17041,Douglas County,416.647
17043,DuPage County,327.835
17045,Edgar County,623.324
17047,Edwards County,222.4
17049,Effingham County,478.769
17051,Fayette County,716.443
17053,Ford County,485.597
17055,Franklin County,408.927
17057,Fulton County,865.683
17059,Gallatin County,322.941
17061,Greene County,543.144
17063,Grundy County,418.128
17065,Hamilton County,434.647
17067,Hancock County,793.748
17069,Hardin County,177.389
17071,Henderson County,378.793
17073,Henry County,823.061
17075,Iroquois County,1117.395
17077,Jackson County,583.57
17079,Jasper County,494.614
17081,Jefferson County,571.235
17083,Jersey County,369.555
17085,Jo Daviess County,600.924
17087,Johnson County,343.736
17089,Kane County,519.364
17091,Kankakee County,676.49
17093,Kendall County,320.238
17095,Knox County,716.385
17097,Lake County,443.605
17099,LaSalle County,1135.138
17101,Lawrence County,372.179
17103,Lee County,724.769
17105,Livingston County,1043.628
17107,Logan County,618.052
17109,McDonough County,589.323
17111,McHenry County,603.397
17113,McLean County,1183.248
17115,Macon County,580.548
17117,Macoupin County,862.974
17119,Madison County,715.515
17121,Marion County,572.538
17123,Marshall County,386.822
17125,Mason County,539.352
17127,Massac County,237.151
17129,Menard County,314.391
17131,Mercer County,561.24
17133,Monroe County,385.301
17135,Montgomery County,703.766
17137,Morgan County,568.959
17139,Moultrie County,335.958
17141,Ogle County,758.654
17143,Peoria County,618.695
17145,Perry County,441.928
17147,Piatt County,439.188
17149,Pike County,831.352
17151,Pope County,368.867
17153,Pulaski County,199.268
17155,Putnam County,160.097
17157,Randolph County,575.367
17159,Richland County,360.034
17161,Rock Island County,427.496
17163,St. Clair County,657.735
17165,Saline County,379.991
17167,Sangamon County,868.23
17169,Schuyler County,437.3
17171,Scott County,250.79
17173,Shelby County,758.509
17175,Stark County,288.106
17177,Stephenson County,564.247
17179,Tazewell County,646.469
17181,Union County,413.412
17183,Vermilion County,898.319
17185,Wabash County,223.323
17187,Warren County,542.384
17189,Washington County,562.597
17191,Wayne County,713.83
17193,White County,494.983
17195,Whiteside County,684.099
17197,Will County,835.875
17199,Williamson County,420.21
17201,Winnebago County,513.05
17203,Woodford County,527.557
18001,Adams County,338.925
18003,Allen County,657.146
18005,Bartholomew County,406.94
18007,Benton County,406.418
18009,Blackford County,165.082
18011,Boone County,422.882
18013,Brown County,311.987
18015,Carroll County,372.225
18017,Cass County,412.144
18019,Clark County,372.487
18021,Clay County,357.6
18023,Clinton County,405.067
18025,Crawford County,305.613
18027,Daviess County,429.514
18029,Dearborn County,305.087
18031,Decatur County,372.568
18033,DeKalb County,362.834
18035,Delaware County,392.109
18037,Dubois County,427.267
18039,Elkhart County,463.161
18041,Fayette County,215.021
18043,Floyd County,148.484
18045,Fountain County,395.668
18047,Franklin County,384.426
18049,Fulton County,368.393
18051,Gibson County,487.378
18053,Grant County,414.089
18055,Greene County,542.467
18057,Hamilton County,394.381
18059,Hancock County,305.957
18061,Harrison County,484.081
18063,Hendricks County,406.894
18065,Henry County,391.877
18067,Howard County,293.074
18069,Huntington County,382.639
18071,Jackson County,509.978
18073,Jasper County,559.68
18075,Jay County,383.905
18077,Jefferson County,360.698
18079,Jennings County,376.597
18081,Johnson County,320.415
18083,Knox County,515.831
18085,Kosciusko County,531.446
18087,LaGrange County,379.631
18089,Lake County,498.89
18091,LaPorte County,598.289
18093,Lawrence County,449.146
18095,Madison County,451.921
18097,Marion County,395.99
18099,Marshall County,443.62
18101,Martin County,335.761
18103,Miami County,373.842
18105,Monroe County,394.522
18107,Montgomery County,504.647
18109,Morgan County,403.833
18111,Newton County,401.755
18113,Noble County,410.846
18115,Ohio County,86.15
18117,Orange County,398.379
18119,Owen County,385.295
18121,Parke County,444.721
18123,Perry County,381.74
18125,Pike County,334.351
18127,Porter County,418.113
18129,Posey County,409.385
18131,Pulaski County,433.675
18133,Putnam County,480.537
18135,Randolph County,452.379
18137,Ripley County,446.427
18139,Rush County,408.137
18141,St. Joseph County,457.781
18143,Scott County,190.403
18145,Shelby County,411.136
18147,Spencer County,396.888
18149,Starke County,309.144
18151,Steuben County,308.78
18153,Sullivan County,447.196
18155,Switzerland County,220.668
18157,Tippecanoe County,498.898
18159,Tipton County,260.541
18161,Union County,161.19
18163,Vanderburgh County,233.401
18165,Vermillion County,256.894
18167,Vigo County,403.631
18169,Wabash County,412.539
18171,Warren County,364.69
18173,Warrick County,384.63
18175,Washington County,513.689
18177,Wayne County,401.755
18179,Wells County,368.087
18181,White County,505.136
18183,Whitley County,335.622
19001,Adair County,569.271
19003,Adams County,423.433
19005,Allamakee County,639.071
19007,Appanoose County,497.299
19009,Audubon County,442.96
19011,Benton County,716.102
19013,Black Hawk County,565.757
19015,Boone County,570.461
19017,Bremer County,435.479
19019,Buchanan County,571.079
19021,Buena Vista County,574.899
19023,Butler County,580.138
19025,Calhoun County,569.846
19027,Carroll County,569.453
19029,Cass County,564.258
19031,Cedar County,579.462
19033,Cerro Gordo County,568.3
19035,Cherokee County,576.907
19037,Chickasaw County,504.324
19039,Clarke County,431.111
19041,Clay County,567.238
19043,Clayton County,778.464
19045,Clinton County,694.959
19047,Crawford County,714.198
19049,Dallas County,588.233
19051,Davis County,502.188
19053,Decatur County,531.883
19055,Delaware County,577.684
19057,Des Moines County,416.129
19059,Dickinson County,380.532
19061,Dubuque County,608.299
19063,Emmet County,395.89
19065,Fayette County,730.817
19067,Floyd County,500.571
19069,Franklin County,581.972
19071,Fremont County,511.168
19073,Greene County,569.558
19075,Grundy County,501.855
19077,Guthrie County,590.604
19079,Hamilton County,576.731
19081,Hancock County,571.005
19083,Hardin County,569.307
19085,Harrison County,696.874
19087,Henry County,434.288
19089,Howard County,473.247
19091,Humboldt County,434.372
19093,Ida County,431.513
19095,Iowa County,586.455
19097,Jackson County,636.042
19099,Jasper County,730.426
19101,Jefferson County,435.524
19103,Johnson County,612.997
19105,Jones County,575.618
19107,Keokuk County,579.175
19109,Kossuth County,972.731
19111,Lee County,517.55
19113,Linn County,717.01
19115,Louisa County,401.777
19117,Lucas County,430.681
19119,Lyon County,587.609
19121,Madison County,561.006
19123,Mahaska County,570.851
19125,Marion County,554.49
19127,Marshall County,572.503
19129,Mills County,437.431
19131,Mitchell County,469.256
19133,Monona County,694.072
19135,Monroe County,433.708
19137,Montgomery County,424.097
19139,Muscatine County,437.44
19141,O'Brien County,573.035
19143,Osceola County,398.687
19145,Page County,534.944
19147,Palo Alto County,563.864
19149,Plymouth County,862.828
19151,Pocahontas County,577.241
19153,Polk County,572.381
19155,Pottawattamie County,951.272
19157,Poweshiek County,584.923
19159,Ringgold County,535.485
19161,Sac County,575.022
19163,Scott County,458.096
19165,Shelby County,590.776
19167,Sioux County,767.911
19169,Story County,572.544
19171,Tama County,721.011
19173,Taylor County,531.902
19175,Union County,423.645
19177,Van Buren County,484.792
19179,Wapello County,431.843
19181,Warren County,569.658
19183,Washington County,568.828
19185,Wayne County,525.469
19187,Webster County,715.704
19189,Winnebago County,400.489
19191,Winneshiek County,689.844
19193,Woodbury County,872.896
19195,Worth County,400.123
19197,Wright County,580.412
20001,Allen County,500.297
20003,Anderson County,579.641
20005,Atchison County,431.174
20007,Barber County,1134.075
20009,Barton County,895.257
20011,Bourbon County,635.461
20013,Brown County,570.871
20015,Butler County,1429.716
20017,Chase County,773.053
20019,Chautauqua County,638.881
20021,Cherokee County,587.567
20023,Cheyenne County,1019.89
20025,Clark County,974.638
20027,Clay County,645.298
20029,Cloud County,715.342
20031,Coffey County,626.885
20033,Comanche County,788.298
20035,Cowley County,1125.738
20037,Crawford County,589.771
20039,Decatur County,893.517
20041,Dickinson County,847.068
20043,Doniphan County,393.475
20045,Douglas County,455.766
20047,Edwards County,621.894
20049,Elk County,644.264
20051,Ellis County,899.912
20053,Ellsworth County,715.575
20055,Finney County,1301.997
20057,Ford County,1098.271
20059,Franklin County,571.772
20061,Geary County,384.652
20063,Gove County,1071.666
20065,Graham County,898.527
20067,Grant County,574.808
20069,Gray County,868.867
20071,Greeley County,778.404
20073,Greenwood County,1143.304
20075,Hamilton County,996.514
20077,Harper County,801.274
20079,Harvey County,539.756
20081,Haskell County,577.521
20083,Hodgeman County,859.992
20085,Jackson County,656.219
20087,Jefferson County,532.626
20089,Jewell County,909.971
20091,Johnson County,473.614
20093,Kearny County,870.543
20095,Kingman County,863.419
20097,Kiowa County,722.64
20099,Labette County,645.393
20101,Lane County,717.409
20103,Leavenworth County,463.407
20105,Lincoln County,719.396
20107,Linn County,594.081
20109,Logan County,1072.993
20111,Lyon County,847.478
20113,McPherson County,898.285
20115,Marion County,944.299
20117,Marshall County,900.178
20119,Meade County,978.083
20121,Miami County,575.879
20123,Mitchell County,701.792
20125,Montgomery County,643.594
20127,Morris County,695.343
20129,Morton County,729.731
20131,Nemaha County,717.427
20133,Neosho County,571.481
20135,Ness County,1074.739
20137,Norton County,878.044
20139,Osage County,705.506
20141,Osborne County,892.516
20143,Ottawa County,720.73
20145,Pawnee County,754.263
20147,Phillips County,885.871
20149,Pottawatomie County,840.735
20151,Pratt County,735.039
20153,Rawlins County,1069.416
20155,Reno County,1255.308
20157,Republic County,717.377
20159,Rice County,726.234
20161,Riley County,609.66
20163,Rooks County,890.527
20165,Rush County,717.763
20167,Russell County,886.26
20169,Saline County,720.246
20171,Scott County,717.585
20173,Sedgwick County,997.001
20175,Seward County,639.653
20177,Shawnee County,544.026
20179,Sheridan County,895.957
20181,Sherman County,1056.064
20183,Smith County,895.464
20185,Stafford County,792.046
20187,Stanton County,680.352
20189,Stevens County,727.26
20191,Sumner County,1181.668
20193,Thomas County,1074.686
20195,Trego County,889.474
20197,Wabaunsee County,794.336
20199,Wallace County,913.652
20201,Washington County,894.759
20203,Wichita County,718.566
20205,Wilson County,570.423
20207,Woodson County,497.819
20209,Wyandotte County,151.638
21001,Adair County,405.292
21003,Allen County,343.724
21005,Anderson County,202.26
21007,Ballard County,247.095
21009,Barren County,487.365
21011,Bath County,277.992
21013,Bell County,358.999
21015,Boone County,246.268
21017,Bourbon County,289.75
21019,Boyd County,159.866
21021,Boyle County,180.336
21023,Bracken County,202.665
21025,Breathitt County,492.422
21027,Breckinridge County,569.725
21029,Bullitt County,297.084
21031,Butler County,426.112
21033,Caldwell County,344.835
21035,Calloway County,384.85
21037,Campbell County,151.32
21039,Carlisle County,189.463
21041,Carroll County,128.7
21043,Carter County,409.497
21045,Casey County,444.258
21047,Christian County,717.66
21049,Clark County,252.482
21051,Clay County,469.296
21053,Clinton County,197.063
21055,Crittenden County,359.566
21057,Cumberland County,305.147
21059,Daviess County,458.397
21061,Edmonson County,302.806
21063,Elliott County,234.321
21065,Estill County,253.081
21067,Fayette County,283.855
21069,Fleming County,348.672
21071,Floyd County,393.3
21073,Franklin County,207.909
21075,Fulton County,205.932
21077,Gallatin County,98.281
21079,Garrard County,229.925
21081,Grant County,257.976
21083,Graves County,551.757
21085,Grayson County,499.536
21087,Green County,285.963
21089,Greenup County,344.454
21091,Hancock County,187.675
21093,Hardin County,623.899
21095,Harlan County,465.83
21097,Harrison County,306.458
21099,Hart County,412.67
21101,Henderson County,436.361
21103,Henry County,286.251
21105,Hickman County,242.331
21107,Hopkins County,542.187
21109,Jackson County,345.227
21111,Jefferson County,380.83
21113,Jessamine County,172.112
21115,Johnson County,261.966
21117,Kenton County,160.371
21119,Knott County,351.524
21121,Knox County,386.33
21123,Larue County,261.04
21125,Laurel County,433.703
21127,Lawrence County,415.597
21129,Lee County,208.821
21131,Leslie County,400.878
21133,Letcher County,337.934
21135,Lewis County,482.858
21137,Lincoln County,332.903
21139,Livingston County,312.96
21141,Logan County,552.216
21143,Lyon County,213.785
21145,McCracken County,248.786
21147,McCreary County,426.705
21149,McLean County,252.525
21151,Madison County,437.929
21153,Magoffin County,308.443
21155,Marion County,343.551
21157,Marshall County,302.125
21159,Martin County,229.622
21161,Mason County,240.127
21163,Meade County,305.463
21165,Menifee County,203.538
21167,Mercer County,249.383
21169,Metcalfe County,289.651
21171,Monroe County,329.475
21173,Montgomery County,197.376
21175,Morgan County,381.104
21177,Muhlenberg County,467.28
21179,Nelson County,418.685
21181,Nicholas County,195.306
21183,Ohio County,587.095
21185,Oldham County,187.294
21187,Owen County,350.485
21189,Owsley County,197.402
21191,Pendleton County,277.148
21193,Perry County,339.724
21195,Pike County,786.222
21197,Powell County,178.962
21199,Pulaski County,658.1
21201,Robertson County,99.591
21203,Rockcastle County,316.567
21205,Rowan County,279.881
21207,Russell County,253.272
21209,Scott County,282.194
21211,Shelby County,379.79
21213,Simpson County,234.175
21215,Spencer County,186.67
21217,Taylor County,266.414
21219,Todd County,374.513
21221,Trigg County,441.433
21223,Trimble County,147.771
21225,Union County,342.878
21227,Warren County,541.724
21229,Washington County,297.284
21231,Wayne County,458.043
21233,Webster County,332.026
21235,Whitley County,437.922
21237,Wolfe County,222.159
21239,Woodford County,189.573
22001,Acadia Parish,655.244
22003,Allen Parish,762.084
22005,Ascension Parish,289.97
22007,Assumption Parish,344.021
22009,Avoyelles Parish,831.675
22011,Beauregard Parish,1157.477
22013,Bienville Parish,811.344
22015,Bossier Parish,839.576
22017,Caddo Parish,879.468
22019,Calcasieu Parish,1064.081
22021,Caldwell Parish,529.77
22023,Cameron Parish,1284.639
22025,Catahoula Parish,707.952
22027,Claiborne Parish,754.794
22029,Concordia Parish,697.14
22031,De Soto Parish,876.449
22033,East Baton Rouge Parish,455.502
22035,East Carroll Parish,420.887
22037,East Feliciana Parish,453.293
22039,Evangeline Parish,662.431
22041,Franklin Parish,624.298
22043,Grant Parish,643.75
22045,Iberia Parish,574.741
22047,Iberville Parish,618.719
22049,Jackson Parish,569.378
22051,Jefferson Parish,300.864
22053,Jefferson Davis Parish,651.52
22055,Lafayette Parish,268.827
22057,Lafourche Parish,1067.793
22059,LaSalle Parish,624.854
22061,Lincoln Parish,471.636
22063,Livingston Parish,648.131
22065,Madison Parish,623.885
22067,Morehouse Parish,794.95
22069,Natchitoches Parish,1253.008
22071,Orleans Parish,169.5
22073,Ouachita Parish,610.35
22075,Plaquemines Parish,780.595
22077,Pointe Coupee Parish,556.875
22079,Rapides Parish,1324.11
22081,Red River Parish,388.98
22083,Richland Parish,555.613
22085,Sabine Parish,866.625
22087,St. Bernard Parish,377.517
22089,St. Charles Parish,277.742
22091,St. Helena Parish,408.527
22093,St. James Parish,237.861
22095,St. John the Baptist Parish,214.474
22097,St. Landry Parish,924.029
22099,St. Martin Parish,737.47
22101,St. Mary Parish,558.527
22103,St. Tammany Parish,845.281
22105,Tangipahoa Parish,791.172
22107,Tensas Parish,603.302
22109,Terrebonne Parish,1229.888
22111,Union Parish,876.913
22113,Vermilion Parish,1172.055
22115,Vernon Parish,1326.726
22117,Washington Parish,669.637
22119,Webster Parish,593.319
22121,West Baton Rouge Parish,192.346
22123,West Carroll Parish,359.686
22125,West Feliciana Parish,403.316
22127,Winn Parish,950.004
23001,Androscoggin County,467.954
23003,Aroostook County,6671.136
23005,Cumberland County,836.193
23007,Franklin County,1697.007
23009,Hancock County,1587.128
23011,Kennebec County,867.472
23013,Knox County,365.146
23015,Lincoln County,455.867
23017,Oxford County,2076.957
23019,Penobscot County,3397.182
23021,Piscataquis County,3960.847
23023,Sagadahoc County,253.979
23025,Somerset County,3924.27
23027,Waldo County,729.981
23029,Washington County,2562.725
23031,York County,991.196
24001,Allegany County,422.199
24003,Anne Arundel County,414.806
24005,Baltimore County,598.358
24009,Calvert County,213.19
24011,Caroline County,319.442
24013,Carroll County,447.615
24015,Cecil County,346.3
24017,Charles County,457.819
24019,Dorchester County,540.765
24021,Frederick County,660.621
24023,Garrett County,649.077
24025,Harford County,437.125
24027,Howard County,250.95
24029,Kent County,276.988
24031,Montgomery County,493.143
24033,Prince George's County,482.643
24035,Queen Anne's County,371.669
24037,St. Mary's County,358.564
24039,Somerset County,319.749
24041,Talbot County,268.556
24043,Washington County,457.784
24045,Wicomico County,374.43
24047,Worcester County,468.402
24510,Baltimore city,80.946
25001,Barnstable County,394.2
25003,Berkshire County,926.874
25005,Bristol County,553.111
25007,Dukes County,103.202
25009,Essex County,492.513
25011,Franklin County,699.208
25013,Hampden County,617.005
25015,Hampshire County,527.236
25017,Middlesex County,817.866
25019,Nantucket County,46.192
25021,Norfolk County,396.103
25023,Plymouth County,658.501
25025,Suffolk County,58.253
25027,Worcester County,1510.677
26001,Alcona County,674.655
26003,Alger County,915.034
26005,Allegan County,825.253
26007,Alpena County,571.899
26009,Antrim County,475.679
26011,Arenac County,363.178
26013,Baraga County,898.427
26015,Barry County,553.104
26017,Bay County,442.409
26019,Benzie County,319.696
26021,Berrien County,567.781
26023,Branch County,506.411
26025,Calhoun County,706.262
26027,Cass County,490.108
26029,Charlevoix County,416.33
26031,Cheboygan County,715.279
26033,Chippewa County,1558.508
26035,Clare County,564.367
26037,Clinton County,567.349
26039,Crawford County,556.415
26041,Delta County,1171.094
26043,Dickinson County,760.948
26045,Eaton County,575.209
26047,Emmet County,467.547
26049,Genesee County,636.943
26051,Gladwin County,501.786
26053,Gogebic County,1102.136
26055,Grand Traverse County,464.336
26057,Gratiot County,568.381
26059,Hillsdale County,598.152
26061,Houghton County,1009.101
26063,Huron County,836.017
26065,Ingham County,556.087
26067,Ionia County,571.32
26069,Iosco County,549.477
26071,Iron County,1166.096
26073,Isabella County,572.7
26075,Jackson County,701.897
26077,Kalamazoo County,561.955
26079,Kalkaska County,559.744
26081,Kent County,848.931
26083,Keweenaw County,540.112
26085,Lake County,567.594
26087,Lapeer County,646.983
26089,Leelanau County,347.199
26091,Lenawee County,749.638
26093,Livingston County,565.283
26095,Luce County,899.075
26097,Mackinac County,1021.879
26099,Macomb County,479.348
26101,Manistee County,542.325
26103,Marquette County,1809.051
26105,Mason County,494.969
26107,Mecosta County,555.155
26109,Menominee County,1044.041
26111,Midland County,517.859
26113,Missaukee County,564.788
26115,Monroe County,549.353
26117,Montcalm County,705.329
26119,Montmorency County,546.675
26121,Muskegon County,503.914
26123,Newaygo County,838.887
26125,Oakland County,867.393
26127,Oceana County,538.105
26129,Ogemaw County,563.503
26131,Ontonagon County,1310.978
26133,Osceola County,566.286
26135,Oscoda County,565.674
26137,Otsego County,515.006
26139,Ottawa County,563.52
26141,Presque Isle County,658.717
26143,Roscommon County,519.897
26145,Saginaw County,800.806
26147,St. Clair County,721.488
26149,St. Joseph County,500.64
26151,Sanilac County,962.571
26153,Schoolcraft County,1171.876
26155,Shiawassee County,530.967
26157,Tuscola County,804.84
26159,Van Buren County,607.793
26161,Washtenaw County,706.003
26163,Wayne County,611.835
26165,Wexford County,564.925
27001,Aitkin County,1821.369
27003,Anoka County,421.973
27005,Becker County,1315.037
27007,Beltrami County,2504.643
27009,Benton County,408.303
27011,Big Stone County,499.129
27013,Blue Earth County,747.836
27015,Brown County,611.109
27017,Carlton County,861.191
27019,Carver County,353.879
27021,Cass County,2021.464
27023,Chippewa County,581.223
27025,Chisago County,414.9
27027,Clay County,1045.176
27029,Clearwater County,999.003
27031,Cook County,1452.576
27033,Cottonwood County,639.973
27035,Crow Wing County,998.359
27037,Dakota County,562.557
27039,Dodge County,439.396
27041,Douglas County,636.878
27043,Faribault County,712.479
27045,Fillmore County,861.333
27047,Freeborn County,707.245
27049,Goodhue County,756.713
27051,Grant County,547.8
27053,Hennepin County,554.006
27055,Houston County,552.113
27057,Hubbard County,926.012
27059,Isanti County,435.781
27061,Itasca County,2667.513
27063,Jackson County,702.972
27065,Kanabec County,521.61
27067,Kandiyohi County,797.365
27069,Kittson County,1099.0
27071,Koochiching County,3104.706
27073,Lac qui Parle County,765.021
27075,Lake County,2109.108
27077,Lake of the Woods County,1297.653
27079,Le Sueur County,448.733
27081,Lincoln County,536.786
27083,Lyon County,714.411
27085,McLeod County,491.51
27087,Mahnomen County,557.867
27089,Marshall County,1775.06
27091,Martin County,712.331
27093,Meeker County,607.968
27095,Mille Lacs County,572.306
27097,Morrison County,1125.094
27099,Mower County,711.273
27101,Murray County,704.667
27103,Nicollet County,448.517
27105,Nobles County,715.117
27107,Norman County,872.789
27109,Olmsted County,653.509
27111,Otter Tail County,1971.635
27113,Pennington County,616.52
27115,Pine County,1411.337
27117,Pipestone County,465.053
27119,Polk County,1970.999
27121,Pope County,674.554
27123,Ramsey County,152.249
27125,Red Lake County,432.407
27127,Redwood County,878.573
27129,Renville County,982.905
27131,Rice County,495.845
27133,Rock County,482.459
27135,Roseau County,1671.739
27137,St. Louis County,6248.116
27139,Scott County,356.11
27141,Sherburne County,432.947
27143,Sibley County,588.841
27145,Stearns County,1342.876
27147,Steele County,429.548
27149,Stevens County,563.659
27151,Swift County,742.027
27153,Todd County,945.098
27155,Traverse County,573.872
27157,Wabasha County,522.922
27159,Wadena County,536.347
27161,Waseca County,423.363
27163,Washington County,384.718
27165,Watonwan County,434.947
27167,Wilkin County,751.038
27169,Winona County,626.177
27171,Wright County,661.148
27173,Yellow Medicine County,759.101
28001,Adams County,462.344
28003,Alcorn County,400.044
28005,Amite County,730.1
28007,Attala County,734.957
28009,Benton County,406.616
28011,Bolivar County,876.507
28013,Calhoun County,586.573
28015,Carroll County,628.388
28017,Chickasaw County,501.782
28019,Choctaw County,418.197
28021,Claiborne County,487.415
28023,Clarke County,691.576
28025,Clay County,410.072
28027,Coahoma County,553.102
28029,Copiah County,777.285
28031,Covington County,413.819
28033,DeSoto County,476.346
28035,Forrest County,466.042
28037,Franklin County,563.964
28039,George County,478.696
28041,Greene County,712.738
28043,Grenada County,422.122
28045,Hancock County,473.964
28047,Harrison County,573.635
28049,Hinds County,869.845
28051,Holmes County,756.674
28053,Humphreys County,418.68
28055,Issaquena County,412.98
28057,Itawamba County,532.795
28059,Jackson County,722.825
28061,Jasper County,676.311
28063,Jefferson County,519.933
28065,Jefferson Davis County,408.446
28067,Jones County,694.845
28069,Kemper County,766.182
28071,Lafayette County,631.697
28073,Lamar County,496.57
28075,Lauderdale County,703.674
28077,Lawrence County,430.602
28079,Leake County,582.897
28081,Lee County,449.965
28083,Leflore County,594.074
28085,Lincoln County,586.207
28087,Lowndes County,505.448
28089,Madison County,714.208
28091,Marion County,542.398
28093,Marshall County,706.185
28095,Monroe County,765.092
28097,Montgomery County,406.981
28099,Neshoba County,570.134
28101,Newton County,577.77
28103,Noxubee County,695.158
28105,Oktibbeha County,458.239
28107,Panola County,685.175
28109,Pearl River County,811.319
28111,Perry County,647.282
28113,Pike County,409.185
28115,Pontotoc County,497.813
28117,Prentiss County,414.985
28119,Quitman County,405.012
28121,Rankin County,775.496
28123,Scott County,609.231
28125,Sharkey County,431.72
28127,Simpson County,589.165
28129,Smith County,636.268
28131,Stone County,445.485
28133,Sunflower County,697.759
28135,Tallahatchie County,645.59
28137,Tate County,404.763
28139,Tippah County,457.822
28141,Tishomingo County,424.297
28143,Tunica County,454.13
28145,Union County,415.607
28147,Walthall County,403.928
28149,Warren County,588.534
28151,Washington County,723.972
28153,Wayne County,810.716
28155,Webster County,421.158
28157,Wilkinson County,678.106
28159,Winston County,607.251
28161,Yalobusha County,467.151
28163,Yazoo County,922.339
29001,Adair County,567.324
29003,Andrew County,432.632
29005,Atchison County,547.285
29007,Audrain County,692.25
29009,Barry County,778.122
29011,Barton County,592.03
29013,Bates County,836.696
29015,Benton County,704.033
29017,Bollinger County,617.904
29019,Boone County,685.551
29021,Buchanan County,408.249
29023,Butler County,694.756
29025,Caldwell County,426.393
29027,Callaway County,834.568
29029,Camden County,656.036
29031,Cape Girardeau County,578.517
29033,Carroll County,694.622
29035,Carter County,507.359
29037,Cass County,696.615
29039,Cedar County,474.47
29041,Chariton County,751.178
29043,Christian County,562.603
29045,Clark County,504.606
29047,Clay County,397.649
29049,Clinton County,418.94
29051,Cole County,391.548
29053,Cooper County,564.75
29055,Crawford County,742.477
29057,Dade County,490.01
29059,Dallas County,540.951
29061,Daviess County,563.282
29063,DeKalb County,421.358
29065,Dent County,752.761
29067,Douglas County,813.623
29069,Dunklin County,541.909
29071,Franklin County,922.678
29073,Gasconade County,519.005
29075,Gentry County,491.422
29077,Greene County,675.329
29079,Grundy County,435.293
29081,Harrison County,722.517
29083,Henry County,696.936
29085,Hickory County,398.808
29087,Holt County,462.693
29089,Howard County,463.801
29091,Howell County,927.177
29093,Iron County,550.263
29095,Jackson County,604.52
29097,Jasper County,638.506
29099,Jefferson County,656.261
29101,Johnson County,829.261
29103,Knox County,504.01
29105,Laclede County,764.627
29107,Lafayette County,628.28
29109,Lawrence County,611.738
29111,Lewis County,505.018
29113,Lincoln County,626.562
29115,Linn County,615.588
29117,Livingston County,532.303
29119,McDonald County,539.445
29121,Macon County,801.208
29123,Madison County,494.386
29125,Maries County,526.981
29127,Marion County,436.922
29129,Mercer County,453.835
29131,Miller County,592.573
29133,Mississippi County,411.596
29135,Moniteau County,415.033
29137,Monroe County,647.63
29139,Montgomery County,535.047
29141,Morgan County,597.635
29143,New Madrid County,674.884
29145,Newton County,624.754
29147,Nodaway County,876.964
29149,Oregon County,789.844
29151,Osage County,606.58
29153,Ozark County,745.006
29155,Pemiscot County,492.605
29157,Perry County,474.355
29159,Pettis County,682.236
29161,Phelps County,671.787
29163,Pike County,670.439
29165,Platte County,419.824
29167,Polk County,635.527
29169,Pulaski County,547.112
29171,Putnam County,517.317
29173,Ralls County,469.787
29175,Randolph County,482.713
29177,Ray County,568.982
29179,Reynolds County,808.477
29181,Ripley County,629.516
29183,St. Charles County,560.501
29185,St. Clair County,674.981
29186,Ste. Genevieve County,499.153
29187,St. Francois County,451.886
29189,St. Louis County,507.995
29195,Saline County,755.51
29197,Schuyler County,307.305
29199,Scotland County,436.507
29201,Scott County,420.005
29203,Shannon County,1003.82
29205,Shelby County,500.863
29207,Stoddard County,823.142
29209,Stone County,463.814
29211,Sullivan County,647.982
29213,Taney County,632.263
29215,Texas County,1177.267
29217,Vernon County,826.391
29219,Warren County,428.59
29221,Washington County,759.866
29223,Wayne County,759.186
29225,Webster County,592.563
29227,Worth County,266.629
29229,Wright County,681.774
29510,St. Louis city,61.72
30001,Beaverhead County,5542.687
30003,Big Horn County,4997.815
30005,Blaine County,4227.517
30007,Broadwater County,1192.359
30009,Carbon County,2047.781
30011,Carter County,3340.477
30013,Cascade County,2698.206
30015,Chouteau County,3972.52
30017,Custer County,3783.309
30019,Daniels County,1426.27
30021,Dawson County,2371.926
30023,Deer Lodge County,736.683
30025,Fallon County,1620.595
30027,Fergus County,4339.329
30029,Flathead County,5087.223
30031,Gallatin County,2605.353
30033,Garfield County,4676.56
30035,Glacier County,2995.151
30037,Golden Valley County,1174.423
30039,Granite County,1727.162
30041,Hill County,2899.396
30043,Jefferson County,1656.997
30045,Judith Basin County,1869.687
30047,Lake County,1490.467
30049,Lewis and Clark County,3458.381
30051,Liberty County,1429.988
30053,Lincoln County,3612.559
30055,McCone County,2642.225
30057,Madison County,3588.156
30059,Meagher County,2391.868
30061,Mineral County,1219.619
30063,Missoula County,2593.009
30065,Musselshell County,1868.958
30067,Park County,2802.479
30069,Petroleum County,1655.625
30071,Phillips County,5140.422
30073,Pondera County,1624.567
30075,Powder River County,3298.196
30077,Powell County,2326.042
30079,Prairie County,1736.603
30081,Ravalli County,2390.967
30083,Richland County,2084.556
30085,Roosevelt County,2354.602
30087,Rosebud County,5008.135
30089,Sanders County,2760.4
30091,Sheridan County,1676.941
30093,Silver Bow County,717.99
30095,Stillwater County,1796.746
30097,Sweet Grass County,1855.536
30099,Teton County,2271.616
30101,Toole County,1914.864
30103,Treasure County,977.801
30105,Valley County,4926.115
30107,Wheatland County,1422.481
30109,Wibaux County,889.571
30111,Yellowstone County,2633.256
31001,Adams County,563.259
31003,Antelope County,857.157
31005,Arthur County,715.152
31007,Banner County,746.039
31009,Blaine County,710.702
31011,Boone County,686.53
31013,Box Butte County,1075.161
31015,Boyd County,539.368
31017,Brown County,1221.404
31019,Buffalo County,968.244
31021,Burt County,491.587
31023,Butler County,584.789
31025,Cass County,556.899
31027,Cedar County,740.189
31029,Chase County,894.425
31031,Cherry County,5960.099
31033,Cheyenne County,1196.008
31035,Clay County,572.289
31037,Colfax County,411.46
31039,Cuming County,570.49
31041,Custer County,2575.458
31043,Dakota County,264.276
31045,Dawes County,1396.437
31047,Dawson County,1013.786
31049,Deuel County,439.825
31051,Dixon County,475.621
31053,Dodge County,528.843
31055,Douglas County,326.482
31057,Dundy County,919.678
31059,Fillmore County,575.37
31061,Franklin County,575.816
31063,Frontier County,974.655
31065,Furnas County,719.204
31067,Gage County,851.468
31069,Garden County,1704.826
31071,Garfield County,569.356
31073,Gosper County,458.199
31075,Grant County,776.696
31077,Greeley County,569.826
31079,Hall County,546.53
31081,Hamilton County,542.03
31083,Harlan County,553.466
31085,Hayes County,713.065
31087,Hitchcock County,709.951
31089,Holt County,2411.851
31091,Hooker County,720.966
31093,Howard County,569.266
31095,Jefferson County,570.182
31097,Johnson County,376.086
31099,Kearney County,516.193
31101,Keith County,1062.063
31103,Keya Paha County,772.876
31105,Kimball County,951.942
31107,Knox County,1108.235
31109,Lancaster County,837.56
31111,Lincoln County,2564.14
31113,Logan County,570.698
31115,Loup County,563.341
31117,McPherson County,859.259
31119,Madison County,572.612
31121,Merrick County,487.794
31123,Morrill County,1423.706
31125,Nance County,441.595
31127,Nemaha County,407.301
31129,Nuckolls County,575.155
31131,Otoe County,615.615
31133,Pawnee County,431.075
31135,Perkins County,883.313
31137,Phelps County,539.765
31139,Pierce County,573.249
31141,Platte County,675.118
31143,Polk County,438.832
31145,Red Willow County,717.17
31147,Richardson County,551.841
31149,Rock County,1008.291
31151,Saline County,574.069
31153,Sarpy County,237.997
31155,Saunders County,748.668
31157,Scotts Bluff County,739.621
31159,Seward County,571.43
31161,Sheridan County,2440.17
31163,Sherman County,565.877
31165,Sioux County,2066.723
31167,Stanton County,427.633
31169,Thayer County,573.789
31171,Thomas County,712.554
31173,Thurston County,393.592
31175,Valley County,568.09
31177,Washington County,389.928
31179,Wayne County,442.916
31181,Webster County,574.913
31183,Wheeler County,575.183
31185,York County,572.516
32001,Churchill County,4950.157
32003,Clark County,7891.661
32005,Douglas County,710.537
32007,Elko County,17173.302
32009,Esmeralda County,3581.889
32011,Eureka County,4175.688
32013,Humboldt County,9640.792
32015,Lander County,5519.247
32017,Lincoln County,10633.386
32019,Lyon County,2003.053
32021,Mineral County,3751.283
32023,Nye County,18181.914
32027,Pershing County,6036.589
32029,Storey County,263.8
32031,Washoe County,6315.874
32033,White Pine County,8886.665
32510,Carson City,144.534
33001,Belknap County,401.847
33003,Carroll County,931.864
33005,Cheshire County,706.709
33007,Coos County,1794.574
33009,Grafton County,1708.599
33011,Hillsborough County,876.53
33013,Merrimack County,932.899
33015,Rockingham County,695.391
33017,Strafford County,367.47
33019,Sullivan County,537.876
34001,Atlantic County,555.578
34003,Bergen County,232.788
34005,Burlington County,799.285
34007,Camden County,221.362
34009,Cape May County,251.521
34011,Cumberland County,483.38
34013,Essex County,126.083
34015,Gloucester County,322.008
34017,Hudson County,46.194
34019,Hunterdon County,427.835
34021,Mercer County,224.478
34023,Middlesex County,309.247
34025,Monmouth County,468.204
34027,Morris County,461.025
34029,Ocean County,628.29
34031,Passaic County,186.133
34033,Salem County,331.861
34035,Somerset County,301.867
34037,Sussex County,518.488
34039,Union County,102.766
34041,Warren County,356.541
35001,Bernalillo County,1161.245
35003,Catron County,6924.187
35005,Chaves County,6067.178
35006,Cibola County,4539.984
35007,Colfax County,3757.976
35009,Curry County,1405.524
35011,De Baca County,2323.107
35013,Doa Ana County,3808.179
35015,Eddy County,4176.347
35017,Grant County,3961.207
35019,Guadalupe County,3029.772
35021,Harding County,2125.478
35023,Hidalgo County,3438.551
35025,Lea County,4391.552
35027,Lincoln County,4831.115
35028,Los Alamos County,109.123
35029,Luna County,2965.177
35031,McKinley County,5451.064
35033,Mora County,1926.249
35035,Otero County,6612.562
35037,Quay County,2873.955
35039,Rio Arriba County,5860.874
35041,Roosevelt County,2446.051
35043,Sandoval County,3710.194
35045,San Juan County,5517.232
35047,San Miguel County,4721.515
35049,Santa Fe County,1910.38
35051,Sierra County,4181.214
35053,Socorro County,6646.387
35055,Taos County,2202.373
35057,Torrance County,3345.213
35059,Union County,3825.05
35061,Valencia County,1066.744
36001,Albany County,522.888
36003,Allegany County,1029.506
36005,Bronx County,42.176
36007,Broome County,705.651
36009,Cattaraugus County,1308.183
36011,Cayuga County,691.589
36013,Chautauqua County,1060.41
36015,Chemung County,407.333
36017,Chenango County,893.443
36019,Clinton County,1037.751
36021,Columbia County,634.663
36023,Cortland County,498.774
36025,Delaware County,1442.596
36027,Dutchess County,795.602
36029,Erie County,1042.763
36031,Essex County,1794.122
36033,Franklin County,1629.296
36035,Fulton County,495.46
36037,Genesee County,492.976
36039,Greene County,647.161
36041,Hamilton County,1717.378
36043,Herkimer County,1410.586
36045,Jefferson County,1267.93
36047,Kings County,69.377
36049,Lewis County,1276.309
36051,Livingston County,631.654
36053,Madison County,654.85
36055,Monroe County,656.944
36057,Montgomery County,403.111
36059,Nassau County,284.542
36061,New York County,22.658
36063,Niagara County,522.348
36065,Oneida County,1212.442
36067,Onondaga County,778.393
36069,Ontario County,644.076
36071,Orange County,812.078
36073,Orleans County,391.262
36075,Oswego County,951.607
36077,Otsego County,1001.738
36079,Putnam County,230.252
36081,Queens County,108.724
36083,Rensselaer County,652.459
36085,Richmond County,57.523
36087,Rockland County,173.685
36089,St. Lawrence County,2679.526
36091,Saratoga County,809.97
36093,Schenectady County,204.669
36095,Schoharie County,621.819
36097,Schuyler County,328.343
36099,Seneca County,323.698
36101,Steuben County,1390.508
36103,Suffolk County,910.922
36105,Sullivan County,968.145
36107,Tioga County,518.767
36109,Tompkins County,474.644
36111,Ulster County,1124.236
36113,Warren County,867.222
36115,Washington County,831.19
36117,Wayne County,603.83
36119,Westchester County,430.817
36121,Wyoming County,592.7
36123,Yates County,338.139
37001,Alamance County,423.455
37003,Alexander County,259.985
37005,Alleghany County,234.835
37007,Anson County,531.461
37009,Ashe County,426.264
37011,Avery County,247.338
37013,Beaufort County,832.736
37015,Bertie County,699.176
37017,Bladen County,875.032
37019,Brunswick County,850.069
37021,Buncombe County,656.49
37023,Burke County,506.237
37025,Cabarrus County,361.232
37027,Caldwell County,471.888
37029,Camden County,240.325
37031,Carteret County,507.604
37033,Caswell County,425.483
37035,Catawba County,401.374
37037,Chatham County,681.481
37039,Cherokee County,455.54
37041,Chowan County,172.657
37043,Clay County,215.001
37045,Cleveland County,464.249
37047,Columbus County,938.121
37049,Craven County,706.573
37051,Cumberland County,652.566
37053,Currituck County,261.91
37055,Dare County,383.229
37057,Davidson County,553.178
37059,Davie County,263.699
37061,Duplin County,814.72
37063,Durham County,287.547
37065,Edgecombe County,505.436
37067,Forsyth County,407.858
37069,Franklin County,491.802
37071,Gaston County,355.751
37073,Gates County,340.612
37075,Graham County,291.968
37077,Granville County,531.991
37079,Greene County,266.734
37081,Guilford County,645.98
37083,Halifax County,723.738
37085,Harnett County,595.066
37087,Haywood County,553.56
37089,Henderson County,372.947
37091,Hertford County,353.164
37093,Hoke County,390.153
37095,Hyde County,612.342
37097,Iredell County,574.437
37099,Jackson County,491.11
37101,Johnston County,792.019
37103,Jones County,471.368
37105,Lee County,255.068
37107,Lenoir County,399.087
37109,Lincoln County,295.847
37111,McDowell County,439.954
37113,Macon County,515.565
37115,Madison County,449.615
37117,Martin County,456.412
37119,Mecklenburg County,523.608
37121,Mitchell County,221.251
37123,Montgomery County,491.537
37125,Moore County,697.616
37127,Nash County,540.444
37129,New Hanover County,192.255
37131,Northampton County,536.71
37133,Onslow County,762.085
37135,Orange County,397.538
37137,Pamlico County,336.515
37139,Pasquotank County,226.878
37141,Pender County,871.296
37143,Perquimans County,247.173
37145,Person County,392.34
37147,Pitt County,652.366
37149,Polk County,237.687
37151,Randolph County,782.334
37153,Richmond County,473.689
37155,Robeson County,947.295
37157,Rockingham County,565.642
37159,Rowan County,511.61
37161,Rutherford County,565.437
37163,Sampson County,945.93
37165,Scotland County,319.14
37167,Stanly County,395.08
37169,Stokes County,449.324
37171,Surry County,532.644
37173,Swain County,527.726
37175,Transylvania County,378.358
37177,Tyrrell County,390.777
37179,Union County,632.737
37181,Vance County,252.396
37183,Wake County,834.611
37185,Warren County,429.392
37187,Washington County,346.51
37189,Watauga County,312.44
37191,Wayne County,553.922
37193,Wilkes County,753.678
37195,Wilson County,367.574
37197,Yadkin County,334.943
37199,Yancey County,312.592
38001,Adams County,987.547
38003,Barnes County,1491.559
38005,Benson County,1388.555
38007,Billings County,1148.488
38009,Bottineau County,1668.858
38011,Bowman County,1161.809
38013,Burke County,1103.619
38015,Burleigh County,1632.694
38017,Cass County,1764.935
38019,Cavalier County,1489.125
38021,Dickey County,1131.493
38023,Divide County,1261.13
38025,Dunn County,2008.492
38027,Eddy County,630.239
38029,Emmons County,1508.401
38031,Foster County,634.08
38033,Golden Valley County,1000.885
38035,Grand Forks County,1436.225
38037,Grant County,1659.233
38039,Griggs County,708.685
38041,Hettinger County,1132.239
38043,Kidder County,1351.062
38045,LaMoure County,1146.005
38047,Logan County,992.599
38049,McHenry County,1873.942
38051,McIntosh County,974.563
38053,McKenzie County,2760.133
38055,McLean County,2110.272
38057,Mercer County,1042.781
38059,Morton County,1925.888
38061,Mountrail County,1825.163
38063,Nelson County,981.815
38065,Oliver County,722.404
38067,Pembina County,1118.535
38069,Pierce County,1018.285
38071,Ramsey County,1185.367
38073,Ransom County,862.472
38075,Renville County,877.244
38077,Richland County,1435.674
38079,Rolette County,903.042
38081,Sargent County,858.483
38083,Sheridan County,972.226
38085,Sioux County,1094.052
38087,Slope County,1215.264
38089,Stark County,1334.913
38091,Steele County,712.143
38093,Stutsman County,2221.904
38095,Towner County,1025.113
38097,Traill County,861.871
38099,Walsh County,1281.607
38101,Ward County,2013.028
38103,Wells County,1270.533
38105,Williams County,2077.6
39001,Adams County,583.872
39003,Allen County,402.545
39005,Ashland County,422.986
39007,Ashtabula County,702.417
39009,Athens County,503.643
39011,Auglaize County,401.388
39013,Belmont County,532.127
39015,Brown County,489.543
39017,Butler County,466.516
39019,Carroll County,394.612
39021,Champaign County,428.977
39023,Clark County,395.879
39025,Clermont County,452.56
39027,Clinton County,408.731
39029,Columbiana County,531.917
39031,Coshocton County,563.911
39033,Crawford County,401.786
39035,Cuyahoga County,457.211
39037,Darke County,598.102
39039,Defiance County,411.439
39041,Delaware County,443.146
39043,Erie County,251.288
39045,Fairfield County,504.365
39047,Fayette County,406.361
39049,Franklin County,532.422
39051,Fulton County,405.447
39053,Gallia County,466.53
39055,Geauga County,400.43
39057,Greene County,413.63
39059,Guernsey County,522.242
39061,Hamilton County,405.454
39063,Hancock County,531.322
39065,Hardin County,470.285
39067,Harrison County,402.331
39069,Henry County,416.01
39071,Highland County,553.084
39073,Hocking County,421.349
39075,Holmes County,422.614
39077,Huron County,492.243
39079,Jackson County,420.31
39081,Jefferson County,408.124
39083,Knox County,525.499
39085,Lake County,229.395
39087,Lawrence County,453.393
39089,Licking County,682.427
39091,Logan County,458.505
39093,Lorain County,490.536
39095,Lucas County,339.662
39097,Madison County,466.688
39099,Mahoning County,411.487
39101,Marion County,403.807
39103,Medina County,421.458
39105,Meigs County,430.102
39107,Mercer County,462.447
39109,Miami County,406.581
39111,Monroe County,455.723
39113,Montgomery County,461.351
39115,Morgan County,416.426
39117,Morrow County,406.134
39119,Muskingum County,664.546
39121,Noble County,398.012
39123,Ottawa County,254.702
39125,Paulding County,416.435
39127,Perry County,407.934
39129,Pickaway County,501.193
39131,Pike County,440.282
39133,Portage County,487.408
39135,Preble County,424.226
39137,Putnam County,482.544
39139,Richland County,495.227
39141,Ross County,689.166
39143,Sandusky County,408.246
39145,Scioto County,610.146
39147,Seneca County,551.026
39149,Shelby County,407.694
39151,Stark County,575.207
39153,Summit County,412.793
39155,Trumbull County,617.579
39157,Tuscarawas County,567.565
39159,Union County,431.711
39161,Van Wert County,409.15
39163,Vinton County,412.36
39165,Warren County,401.417
39167,Washington County,631.974
39169,Wayne County,554.789
39171,Williams County,420.66
39173,Wood County,617.167
39175,Wyandot County,406.879
40001,Adair County,573.881
40003,Alfalfa County,866.565
40005,Atoka County,975.453
40007,Beaver County,1814.837
40009,Beckham County,901.675
40011,Blaine County,928.463
40013,Bryan County,904.348
40015,Caddo County,1277.754
40017,Canadian County,896.573
40019,Carter County,822.301
40021,Cherokee County,749.127
40023,Choctaw County,770.383
40025,Cimarron County,1834.808
40027,Cleveland County,538.888
40029,Coal County,516.772
40031,Comanche County,1069.322
40033,Cotton County,632.637
40035,Craig County,761.255
40037,Creek County,949.894
40039,Custer County,988.779
40041,Delaware County,737.754
40043,Dewey County,999.628
40045,Ellis County,1231.477
40047,Garfield County,1058.507
40049,Garvin County,802.145
40051,Grady County,1100.54
40053,Grant County,1000.74
40055,Greer County,639.285
40057,Harmon County,537.258
40059,Harper County,1038.584
40061,Haskell County,576.725
40063,Hughes County,804.473
40065,Jackson County,802.653
40067,Jefferson County,758.956
40069,Johnston County,643.05
40071,Kay County,919.61
40073,Kingfisher County,898.086
40075,Kiowa County,1015.078
40077,Latimer County,722.107
40079,Le Flore County,1589.413
40081,Lincoln County,952.371
40083,Logan County,743.736
40085,Love County,513.914
40087,McClain County,570.718
40089,McCurtain County,1850.776
40091,McIntosh County,618.28
40093,Major County,955.0
40095,Marshall County,371.49
40097,Mayes County,655.326
40099,Murray County,416.375
40101,Muskogee County,810.64
40103,Noble County,731.711
40105,Nowata County,565.817
40107,Okfuskee County,618.458
40109,Oklahoma County,708.897
40111,Okmulgee County,697.443
40113,Osage County,2246.682
40115,Ottawa County,470.817
40117,Pawnee County,568.353
40119,Payne County,684.901
40121,Pittsburg County,1305.512
40123,Pontotoc County,720.353
40125,Pottawatomie County,787.793
40127,Pushmataha County,1395.539
40129,Roger Mills County,1141.135
40131,Rogers County,675.747
40133,Seminole County,632.819
40135,Sequoyah County,673.576
40137,Stephens County,870.212
40139,Texas County,2041.293
40141,Tillman County,871.134
40143,Tulsa County,570.241
40145,Wagoner County,561.916
40147,Washington County,415.524
40149,Washita County,1003.089
40151,Woods County,1286.482
40153,Woodward County,1242.786
41001,Baker County,3067.967
41003,Benton County,675.208
41005,Clackamas County,1870.71
41007,Clatsop County,828.239
41009,Columbia County,658.684
41011,Coos County,1596.044
41013,Crook County,2978.929
41015,Curry County,1628.383
41017,Deschutes County,3017.61
41019,Douglas County,5035.675
41021,Gilliam County,1204.721
41023,Grant County,4527.792
41025,Harney County,10134.438
41027,Hood River County,522.186
41029,Jackson County,2783.252
41031,Jefferson County,1781.696
41033,Josephine County,1638.649
41035,Klamath County,5949.897
41037,Lake County,8138.61
41039,Lane County,4554.092
41041,Lincoln County,980.983
41043,Linn County,2289.508
41045,Malheur County,9887.707
41047,Marion County,1180.84
41049,Morrow County,2030.529
41051,Multnomah County,431.019
41053,Polk County,740.924
41055,Sherman County,823.614
41057,Tillamook County,1103.183
41059,Umatilla County,3215.45
41061,Union County,2036.941
41063,Wallowa County,3145.897
41065,Wasco County,2381.136
41067,Washington County,724.272
41069,Wheeler County,1716.021
41071,Yamhill County,715.941
42001,Adams County,518.693
42003,Allegheny County,729.957
42005,Armstrong County,653.321
42007,Beaver County,434.695
42009,Bedford County,1011.988
42011,Berks County,856.403
42013,Blair County,525.067
42015,Bradford County,1147.376
42017,Bucks County,604.367
42019,Butler County,789.482
42021,Cambria County,687.963
42023,Cameron County,396.233
42025,Carbon County,381.356
42027,Centre County,1107.259
42029,Chester County,750.547
42031,Clarion County,600.836
42033,Clearfield County,1145.06
42035,Clinton County,889.63
42037,Columbia County,483.259
42039,Crawford County,1012.355
42041,Cumberland County,545.482
42043,Dauphin County,524.87
42045,Delaware County,183.811
42047,Elk County,826.901
42049,Erie County,798.901
42051,Fayette County,790.758
42053,Forest County,427.259
42055,Franklin County,772.297
42057,Fulton County,437.551
42059,Greene County,575.932
42061,Huntingdon County,874.592
42063,Indiana County,827.394
42065,Jefferson County,652.439
42067,Juniata County,391.391
42069,Lackawanna County,458.886
42071,Lancaster County,943.924
42073,Lawrence County,357.39
42075,Lebanon County,361.835
42077,Lehigh County,345.341
42079,Luzerne County,889.807
42081,Lycoming County,1228.92
42083,McKean County,979.694
42085,Mercer County,672.538
42087,Mifflin County,411.037
42089,Monroe County,608.361
42091,Montgomery County,482.972
42093,Montour County,130.331
42095,Northampton County,369.787
42097,Northumberland County,457.678
42099,Perry County,551.449
42101,Philadelphia County,134.356
42103,Pike County,544.895
42105,Potter County,1081.249
42107,Schuylkill County,778.579
42109,Snyder County,328.784
42111,Somerset County,1075.047
42113,Sullivan County,449.939
42115,Susquehanna County,823.494
42117,Tioga County,1133.892
42119,Union County,315.955
42121,Venango County,674.265
42123,Warren County,884.282
42125,Washington County,857.01
42127,Wayne County,725.769
42129,Westmoreland County,1027.71
42131,Wyoming County,397.258
42133,York County,904.366
44001,Bristol County,24.132
44003,Kent County,168.568
44005,Newport County,102.431
44007,Providence County,409.482
44009,Washington County,329.279
45001,Abbeville County,491.195
45003,Aiken County,1070.688
45005,Allendale County,408.095
45007,Anderson County,713.855
45009,Bamberg County,393.367
45011,Barnwell County,548.379
45013,Beaufort County,576.022
45015,Berkeley County,1103.735
45017,Calhoun County,381.152
45019,Charleston County,918.036
45021,Cherokee County,392.964
45023,Chester County,580.661
45025,Chesterfield County,798.986
45027,Clarendon County,607.207
45029,Colleton County,1056.486
45031,Darlington County,560.615
45033,Dillon County,405.076
45035,Dorchester County,568.409
45037,Edgefield County,500.688
45039,Fairfield County,686.305
45041,Florence County,800.505
45043,Georgetown County,813.601
45045,Greenville County,785.935
45047,Greenwood County,455.604
45049,Hampton County,559.975
45051,Horry County,1133.159
45053,Jasper County,655.134
45055,Kershaw County,726.612
45057,Lancaster County,549.143
45059,Laurens County,712.871
45061,Lee County,410.184
45063,Lexington County,699.004
45065,McCormick County,358.89
45067,Marion County,489.372
45069,Marlboro County,479.874
45071,Newberry County,630.306
45073,Oconee County,626.565
45075,Orangeburg County,1106.379
45077,Pickens County,496.937
45079,Richland County,757.308
45081,Saluda County,452.709
45083,Spartanburg County,808.378
45085,Sumter County,665.078
45087,Union County,513.585
45089,Williamsburg County,934.166
45091,York County,681.035
46003,Aurora County,708.46
46005,Beadle County,1258.698
46007,Bennett County,1184.642
46009,Bon Homme County,563.549
46011,Brookings County,792.217
46013,Brown County,1713.03
46015,Brule County,817.222
46017,Buffalo County,471.405
46019,Butte County,2250.01
46021,Campbell County,733.677
46023,Charles Mix County,1097.141
46025,Clark County,957.512
46027,Clay County,412.022
46029,Codington County,687.585
46031,Corson County,2469.694
46033,Custer County,1556.943
46035,Davison County,435.633
46037,Day County,1028.49
46039,Deuel County,622.739
46041,Dewey County,2302.376
46043,Douglas County,431.801
46045,Edmunds County,1125.98
46047,Fall River County,1739.889
46049,Faulk County,981.713
46051,Grant County,681.446
46053,Gregory County,1014.95
46055,Haakon County,1810.541
46057,Hamlin County,507.019
46059,Hand County,1436.633
46061,Hanson County,434.582
46063,Harding County,2671.57
46065,Hughes County,741.527
46067,Hutchinson County,813.013
46069,Hyde County,860.629
46071,Jackson County,1863.883
46073,Jerauld County,526.133
46075,Jones County,969.672
46077,Kingsbury County,832.237
46079,Lake County,562.891
46081,Lawrence County,800.053
46083,Lincoln County,577.293
46085,Lyman County,1642.285
46087,McCook County,574.205
46089,McPherson County,1136.668
46091,Marshall County,838.081
46093,Meade County,3470.934
46095,Mellette County,1307.311
46097,Miner County,570.17
46099,Minnehaha County,806.841
46101,Moody County,519.379
46102,Oglala Lakota County,2093.601
46103,Pennington County,2776.765
46105,Perkins County,2870.46
46107,Potter County,861.138
46109,Roberts County,1101.055
46111,Sanborn County,569.242
46115,Spink County,1503.499
46117,Stanley County,1444.432
46119,Sully County,1006.727
46121,Todd County,1388.593
46123,Tripp County,1612.289
46125,Turner County,617.064
46127,Union County,460.757
46129,Walworth County,707.455
46135,Yankton County,521.189
46137,Ziebach County,1961.248
47001,Anderson County,337.206
47003,Bedford County,473.639
47005,Benton County,394.306
47007,Bledsoe County,406.555
47009,Blount County,558.82
47011,Bradley County,328.762
47013,Campbell County,480.19
47015,Cannon County,265.635
47017,Carroll County,597.658
47019,Carter County,341.258
47021,Cheatham County,302.498
47023,Chester County,285.736
47025,Claiborne County,434.604
47027,Clay County,236.529
47029,Cocke County,436.135
47031,Coffee County,428.964
47033,Crockett County,265.528
47035,Cumberland County,681.306
47037,Davidson County,503.477
47039,Decatur County,333.879
47041,DeKalb County,304.415
47043,Dickson County,489.899
47045,Dyer County,512.351
47047,Fayette County,704.072
47049,Fentress County,498.607
47051,Franklin County,554.497
47053,Gibson County,602.745
47055,Giles County,610.931
47057,Grainger County,280.587
47059,Greene County,622.169
47061,Grundy County,360.444
47063,Hamblen County,161.188
47065,Hamilton County,542.164
47067,Hancock County,222.324
47069,Hardeman County,667.768
47071,Hardin County,577.487
47073,Hawkins County,487.056
47075,Haywood County,533.107
47077,Henderson County,520.009
47079,Henry County,561.902
47081,Hickman County,612.483
47083,Houston County,200.294
47085,Humphreys County,530.763
47087,Jackson County,308.81
47089,Jefferson County,275.152
47091,Johnson County,298.44
47093,Knox County,508.325
47095,Lake County,165.785
47097,Lauderdale County,471.895
47099,Lawrence County,617.13
47101,Lewis County,282.092
47103,Lincoln County,570.342
47105,Loudon County,229.272
47107,McMinn County,430.117
47109,McNairy County,562.842
47111,Macon County,307.144
47113,Madison County,557.174
47115,Marion County,498.254
47117,Marshall County,375.462
47119,Maury County,613.129
47121,Meigs County,195.135
47123,Monroe County,635.774
47125,Montgomery County,539.169
47127,Moore County,129.223
47129,Morgan County,522.18
47131,Obion County,544.848
47133,Overton County,433.488
47135,Perry County,414.765
47137,Pickett County,162.97
47139,Polk County,434.605
47141,Putnam County,401.106
47143,Rhea County,315.473
47145,Roane County,360.768
47147,Robertson County,476.336
47149,Rutherford County,619.267
47151,Scott County,532.301
47153,Sequatchie County,265.851
47155,Sevier County,592.512
47157,Shelby County,761.263
47159,Smith County,314.295
47161,Stewart County,459.776
47163,Sullivan County,413.544
47165,Sumner County,529.454
47167,Tipton County,455.611
47169,Trousdale County,114.342
47171,Unicoi County,186.064
47173,Union County,223.583
47175,Van Buren County,273.415
47177,Warren County,432.673
47179,Washington County,326.548
47181,Wayne County,734.109
47183,Weakley County,580.353
47185,White County,376.678
47187,Williamson County,582.865
47189,Wilson County,571.088
48001,Anderson County,1062.617
48003,Andrews County,1500.686
48005,Angelina County,797.865
48007,Aransas County,252.069
48009,Archer County,903.289
48011,Armstrong County,909.123
48013,Atascosa County,1219.542
48015,Austin County,646.496
48017,Bailey County,826.972
48019,Bandera County,790.994
48021,Bastrop County,888.228
48023,Baylor County,867.481
48025,Bee County,880.239
48027,Bell County,1053.831
48029,Bexar County,1240.325
48031,Blanco County,709.252
48033,Borden County,897.443
48035,Bosque County,982.971
48037,Bowie County,884.939
48039,Brazoria County,1363.27
48041,Brazos County,586.138
48043,Brewster County,6183.763
48045,Briscoe County,900.001
48047,Brooks County,943.355
48049,Brown County,944.452
48051,Burleson County,659.082
48053,Burnet County,994.8
48055,Caldwell County,544.541
48057,Calhoun County,506.931
48059,Callahan County,899.372
48061,Cameron County,891.719
48063,Camp County,195.847
48065,Carson County,920.235
48067,Cass County,936.948
48069,Castro County,894.444
48071,Chambers County,597.096
48073,Cherokee County,1052.955
48075,Childress County,696.511
48077,Clay County,1088.759
48079,Cochran County,775.082
48081,Coke County,911.646
48083,Coleman County,1262.914
48085,Collin County,841.267
48087,Collingsworth County,918.441
48089,Colorado County,960.291
48091,Comal County,559.528
48093,Comanche County,937.753
48095,Concho County,983.755
48097,Cooke County,874.826
48099,Coryell County,1052.247
48101,Cottle County,900.564
48103,Crane County,785.069
48105,Crockett County,2807.324
48107,Crosby County,900.199
48109,Culberson County,3812.156
48111,Dallam County,1503.132
48113,Dallas County,873.2
48115,Dawson County,900.306
48117,Deaf Smith County,1496.822
48119,Delta County,256.832
48121,Denton County,878.698
48123,DeWitt County,908.976
48125,Dickens County,901.724
48127,Dimmit County,1328.885
48129,Donley County,927.037
48131,Duval County,1793.477
48133,Eastland County,926.508
48135,Ector County,897.884
48137,Edwards County,2117.872
48139,Ellis County,935.704
48141,El Paso County,1013.491
48143,Erath County,1083.179
48145,Falls County,765.495
48147,Fannin County,890.835
48149,Fayette County,949.934
48151,Fisher County,898.951
48153,Floyd County,992.143
48155,Foard County,704.397
48157,Fort Bend County,861.773
48159,Franklin County,284.391
48161,Freestone County,877.731
48163,Frio County,1133.501
48165,Gaines County,1502.363
48167,Galveston County,379.411
48169,Garza County,893.416
48171,Gillespie County,1058.202
48173,Glasscock County,900.218
48175,Goliad County,852.011
48177,Gonzales County,1066.686
48179,Gray County,925.974
48181,Grayson County,932.832
48183,Gregg County,273.38
48185,Grimes County,787.466
48187,Guadalupe County,711.252
48189,Hale County,1004.68
48191,Hall County,883.492
48193,Hamilton County,835.915
48195,Hansford County,919.81
48197,Hardeman County,695.114
48199,Hardin County,890.576
48201,Harris County,1707.017
48203,Harrison County,900.059
48205,Hartley County,1461.951
48207,Haskell County,903.133
48209,Hays County,676.852
48211,Hemphill County,906.286
48213,Henderson County,873.773
48215,Hidalgo County,1571.195
48217,Hill County,958.858
48219,Hockley County,908.392
48221,Hood County,420.738
48223,Hopkins County,767.431
48225,Houston County,1230.997
48227,Howard County,900.791
48229,Hudspeth County,4570.517
48231,Hunt County,840.421
48233,Hutchinson County,887.424
48235,Irion County,1051.544
48237,Jack County,910.972
48239,Jackson County,829.443
48241,Jasper County,938.655
48243,Jeff Davis County,2264.556
48245,Jefferson County,876.735
48247,Jim Hogg County,1136.173
48249,Jim Wells County,865.176
48251,Johnson County,725.05
48253,Jones County,928.605
48255,Karnes County,747.752
48257,Kaufman County,780.692
48259,Kendall County,662.454
48261,Kenedy County,1458.562
48263,Kent County,902.507
48265,Kerr County,1103.332
48267,Kimble County,1250.98
48269,King County,910.873
48271,Kinney County,1360.533
48273,Kleberg County,881.306
48275,Knox County,850.621
48277,Lamar County,907.331
48279,Lamb County,1016.181
48281,Lampasas County,712.528
48283,La Salle County,1486.704
48285,Lavaca County,969.709
48287,Lee County,629.04
48289,Leon County,1073.156
48291,Liberty County,1158.353
48293,Limestone County,905.43
48295,Lipscomb County,932.214
48297,Live Oak County,1039.695
48299,Llano County,934.065
48301,Loving County,668.818
48303,Lubbock County,895.602
48305,Lynn County,891.867
48307,McCulloch County,1065.601
48309,McLennan County,1036.69
48311,McMullen County,1139.799
48313,Madison County,466.065
48315,Marion County,380.902
48317,Martin County,914.956
48319,Mason County,928.836
48321,Matagorda County,1093.122
48323,Maverick County,1279.476
48325,Medina County,1325.361
48327,Menard County,902.027
48329,Midland County,900.358
48331,Milam County,1016.356
48333,Mills County,748.225
48335,Mitchell County,911.093
48337,Montague County,930.906
48339,Montgomery County,1042.11
48341,Moore County,899.698
48343,Morris County,251.989
48345,Motley County,989.566
48347,Nacogdoches County,946.324
48349,Navarro County,1009.702
48351,Newton County,933.677
48353,Nolan County,911.997
48355,Nueces County,839.246
48357,Ochiltree County,917.685
48359,Oldham County,1500.523
48361,Orange County,333.786
48363,Palo Pinto County,952.549
48365,Panola County,811.355
48367,Parker County,903.719
48369,Parmer County,880.822
48371,Pecos County,4763.835
48373,Polk County,1057.045
48375,Potter County,908.39
48377,Presidio County,3855.252
48379,Rains County,229.49
48381,Randall County,912.711
48383,Reagan County,1175.314
48385,Real County,699.159
48387,Red River County,1043.896
48389,Reeves County,2635.354
48391,Refugio County,770.484
48393,Roberts County,924.058
48395,Robertson County,855.155
48397,Rockwall County,127.209
48399,Runnels County,1051.07
48401,Rusk County,924.199
48403,Sabine County,491.71
48405,San Augustine County,530.659
48407,San Jacinto County,569.243
48409,San Patricio County,693.321
48411,San Saba County,1135.313
48413,Schleicher County,1310.642
48415,Scurry County,905.445
48417,Shackelford County,914.286
48419,Shelby County,795.589
48421,Sherman County,922.86
48423,Smith County,921.473
48425,Somervell County,186.207
48427,Starr County,1223.179
48429,Stephens County,896.721
48431,Sterling County,923.449
48433,Stonewall County,916.313
48435,Sutton County,1453.935
48437,Swisher County,890.16
48439,Tarrant County,865.249
48441,Taylor County,915.536
48443,Terrell County,2357.958
48445,Terry County,888.851
48447,Throckmorton County,912.552
48449,Titus County,406.302
48451,Tom Green County,1522.32
48453,Travis County,994.294
48455,Trinity County,693.795
48457,Tyler County,924.39
48459,Upshur County,582.98
48461,Upton County,1241.323
48463,Uvalde County,1551.922
48465,Val Verde County,3144.75
48467,Van Zandt County,842.572
48469,Victoria County,882.087
48471,Walker County,784.222
48473,Waller County,513.297
48475,Ward County,835.603
48477,Washington County,604.194
48479,Webb County,3361.478
48481,Wharton County,1086.142
48483,Wheeler County,914.533
48485,Wichita County,627.593
48487,Wilbarger County,970.946
48489,Willacy County,590.613
48491,Williamson County,1115.837
48493,Wilson County,803.734
48495,Winkler County,841.269
48497,Wise County,904.395
48499,Wood County,645.243
48501,Yoakum County,799.715
48503,Young County,914.498
48505,Zapata County,998.412
48507,Zavala County,1297.407
49001,Beaver County,2582.912
49003,Box Elder County,5781.304
49005,Cache County,1164.687
49007,Carbon County,1479.343
49009,Daggett County,696.515
49011,Davis County,324.716
49013,Duchesne County,3235.523
49015,Emery County,4462.635
49017,Garfield County,5179.556
49019,Grand County,3672.858
49021,Iron County,3296.167
49023,Juab County,3391.812
49025,Kane County,3994.14
49027,Millard County,6785.482
49029,Morgan County,609.197
49031,Piute County,758.21
49033,Rich County,1028.758
49035,Salt Lake County,752.852
49037,San Juan County,7823.765
49039,Sanpete County,1589.816
49041,Sevier County,1910.476
49043,Summit County,1870.674
49045,Tooele County,7040.27
49047,Uintah County,4482.881
49049,Utah County,2004.46
49051,Wasatch County,1176.952
49053,Washington County,2427.589
49055,Wayne County,2461.094
49057,Weber County,611.048
50001,Addison County,766.331
50003,Bennington County,674.236
50005,Caledonia County,649.213
50007,Chittenden County,536.849
50009,Essex County,662.37
50011,Franklin County,630.961
50013,Grand Isle County,81.77
50015,Lamoille County,461.255
50017,Orange County,687.008
50019,Orleans County,694.552
50021,Rutland County,930.55
50023,Washington County,687.06
50025,Windham County,785.959
50027,Windsor County,969.144
51001,Accomack County,449.32
51003,Albemarle County,720.472
51005,Alleghany County,446.572
51007,Amelia County,355.36
51009,Amherst County,473.962
51011,Appomattox County,334.224
51013,Arlington County,25.997
51015,Augusta County,967.074
51017,Bath County,529.202
51019,Bedford County,760.104
51021,Bland County,357.645
51023,Botetourt County,541.276
51025,Brunswick County,566.24
51027,Buchanan County,502.854
51029,Buckingham County,579.623
51031,Campbell County,503.207
51033,Caroline County,527.363
51035,Carroll County,474.744
51036,Charles City County,182.901
51037,Charlotte County,475.296
51041,Chesterfield County,423.506
51043,Clarke County,175.958
51045,Craig County,328.098
51047,Culpeper County,379.182
51049,Cumberland County,297.474
51051,Dickenson County,330.44
51053,Dinwiddie County,503.886
51057,Essex County,257.354
51059,Fairfax County,391.02
51061,Fauquier County,647.994
51063,Floyd County,380.923
51065,Fluvanna County,287.117
51067,Franklin County,690.61
51069,Frederick County,413.135
51071,Giles County,357.225
51073,Gloucester County,217.81
51075,Goochland County,282.029
51077,Grayson County,441.785
51079,Greene County,155.947
51081,Greensville County,295.227
51083,Halifax County,817.731
51085,Hanover County,467.573
51087,Henrico County,233.699
51089,Henry County,382.351
51091,Highland County,415.163
51093,Isle of Wight County,315.685
51095,James City County,142.298
51097,King and Queen County,315.131
51099,King George County,179.628
51101,King William County,273.91
51103,Lancaster County,133.306
51105,Lee County,435.378
51107,Loudoun County,515.737
51109,Louisa County,495.078
51111,Lunenburg County,431.7
51113,Madison County,320.639
51115,Mathews County,85.911
51117,Mecklenburg County,625.31
51119,Middlesex County,130.33
51121,Montgomery County,386.847
51125,Nelson County,470.745
51127,New Kent County,210.034
51131,Northampton County,211.712
51133,Northumberland County,191.432
51135,Nottoway County,314.39
51137,Orange County,340.515
51139,Page County,310.017
51141,Patrick County,482.954
51143,Pittsylvania County,969.003
51145,Powhatan County,260.202
51147,Prince Edward County,349.946
51149,Prince George County,265.342
51153,Prince William County,335.255
51155,Pulaski County,319.839
51157,Rappahannock County,266.372
51159,Richmond County,191.478
51161,Roanoke County,250.548
51163,Rockbridge County,596.548
51165,Rockingham County,849.794
51167,Russell County,473.524
51169,Scott County,535.827
51171,Shenandoah County,508.079
51173,Smyth County,451.44
51175,Southampton County,599.196
51177,Spotsylvania County,401.968
51179,Stafford County,269.205
51181,Surry County,278.949
51183,Sussex County,490.226
51185,Tazewell County,518.791
51187,Warren County,214.572
51191,Washington County,561.193
51193,Westmoreland County,229.326
51195,Wise County,403.44
51197,Wythe County,461.952
51199,York County,104.701
51510,Alexandria city,14.935
51520,Bristol city,12.871
51530,Buena Vista city,6.438
51540,Charlottesville city,10.245
51550,Chesapeake city,338.456
51570,Colonial Heights city,7.519
51580,Covington city,5.469
51590,Danville city,42.803
51595,Emporia city,6.904
51600,Fairfax city,6.241
51610,Falls Church city,2.046
51620,Franklin city,8.277
51630,Fredericksburg city,10.45
51640,Galax city,8.236
51650,Hampton city,51.461
51660,Harrisonburg city,17.336
51670,Hopewell city,10.354
51678,Lexington city,2.499
51680,Lynchburg city,48.976
51683,Manassas city,9.843
51685,Manassas Park city,3.034
51690,Martinsville city,10.956
51700,Newport News city,68.996
51710,Norfolk city,53.275
51720,Norton city,7.477
51730,Petersburg city,22.72
51735,Poquoson city,15.357
51740,Portsmouth city,33.301
51750,Radford city,9.676
51760,Richmond city,59.925
51770,Roanoke city,42.521
51775,Salem city,14.515
51790,Staunton city,19.92
51800,Suffolk city,399.167
51810,Virginia Beach city,244.719
51820,Waynesboro city,14.97
51830,Williamsburg city,8.938
51840,Winchester city,9.193
53001,Adams County,1924.989
53003,Asotin County,636.075
53005,Benton County,1700.128
53007,Chelan County,2921.178
53009,Clallam County,1738.773
53011,Clark County,628.499
53013,Columbia County,868.585
53015,Cowlitz County,1141.159
53017,Douglas County,1819.244
53019,Ferry County,2203.241
53021,Franklin County,1241.596
53023,Garfield County,710.835
53025,Grant County,2679.547
53027,Grays Harbor County,1901.463
53029,Island County,208.474
53031,Jefferson County,1803.728
53033,King County,2115.736
53035,Kitsap County,395.111
53037,Kittitas County,2297.272
53039,Klickitat County,1871.636
53041,Lewis County,2402.782
53043,Lincoln County,2310.599
53045,Mason County,959.553
53047,Okanogan County,5266.193
53049,Pacific County,933.373
53051,Pend Oreille County,1400.245
53053,Pierce County,1667.979
53055,San Juan County,173.914
53057,Skagit County,1730.231
53059,Skamania County,1658.268
53061,Snohomish County,2086.515
53063,Spokane County,1764.224
53065,Stevens County,2477.103
53067,Thurston County,722.501
53069,Wahkiakum County,262.928
53071,Walla Walla County,1270.033
53073,Whatcom County,2107.949
53075,Whitman County,2159.262
53077,Yakima County,4294.512
54001,Barbour County,341.059
54003,Berkeley County,321.147
54005,Boone County,502.37
54007,Braxton County,510.735
54009,Brooke County,89.196
54011,Cabell County,281.024
54013,Calhoun County,279.263
54015,Clay County,341.939
54017,Doddridge County,319.723
54019,Fayette County,661.558
54021,Gilmer County,338.503
54023,Grant County,477.372
54025,Greenbrier County,1019.823
54027,Hampshire County,640.402
54029,Hancock County,82.61
54031,Hardy County,582.315
54033,Harrison County,416.008
54035,Jackson County,464.359
54037,Jefferson County,209.296
54039,Kanawha County,901.714
54041,Lewis County,386.93
54043,Lincoln County,437.093
54045,Logan County,452.88
54047,McDowell County,533.458
54049,Marion County,308.785
54051,Marshall County,305.431
54053,Mason County,430.768
54055,Mercer County,418.962
54057,Mineral County,327.882
54059,Mingo County,423.14
54061,Monongalia County,360.092
54063,Monroe County,472.754
54065,Morgan County,229.073
54067,Nicholas County,646.846
54069,Ohio County,105.83
54071,Pendleton County,696.05
54073,Pleasants County,130.119
54075,Pocahontas County,940.239
54077,Preston County,648.814
54079,Putnam County,345.679
54081,Raleigh County,605.374
54083,Randolph County,1039.7
54085,Ritchie County,451.99
54087,Roane County,483.563
54089,Summers County,360.588
54091,Taylor County,172.771
54093,Tucker County,419.044
54095,Tyler County,256.302
54097,Upshur County,354.638
54099,Wayne County,506.005
54101,Webster County,553.47
54103,Wetzel County,358.067
54105,Wirt County,232.511
54107,Wood County,366.5
54109,Wyoming County,499.47
55001,Adams County,645.646
55003,Ashland County,1044.97
55005,Barron County,863.053
55007,Bayfield County,1477.881
55009,Brown County,530.092
55011,Buffalo County,675.791
55013,Burnett County,821.596
55015,Calumet County,318.25
55017,Chippewa County,1008.355
55019,Clark County,1209.698
55021,Columbia County,765.6
55023,Crawford County,570.805
55025,Dane County,1196.496
55027,Dodge County,875.699
55029,Door County,481.936
55031,Douglas County,1304.272
55033,Dunn County,850.159
55035,Eau Claire County,637.922
55037,Florence County,488.024
55039,Fond du Lac County,719.566
55041,Forest County,1014.266
55043,Grant County,1146.877
55045,Green County,584.044
55047,Green Lake County,349.544
55049,Iowa County,762.698
55051,Iron County,758.209
55053,Jackson County,987.915
55055,Jefferson County,556.492
55057,Juneau County,767.081
55059,Kenosha County,271.833
55061,Kewaunee County,342.454
55063,La Crosse County,451.807
55065,Lafayette County,633.588
55067,Langlade County,870.69
55069,Lincoln County,878.704
55071,Manitowoc County,589.302
55073,Marathon County,1545.194
55075,Marinette County,1399.468
55077,Marquette County,455.713
55078,Menominee County,357.615
55079,Milwaukee County,241.457
55081,Monroe County,900.904
55083,Oconto County,997.477
55085,Oneida County,1113.944
55087,Outagamie County,637.557
55089,Ozaukee County,233.011
55091,Pepin County,232.008
55093,Pierce County,574.018
55095,Polk County,914.32
55097,Portage County,800.874
55099,Price County,1254.057
55101,Racine County,332.611
55103,Richland County,586.15
55105,Rock County,718.167
55107,Rusk County,913.553
55109,St. Croix County,722.158
55111,Sauk County,831.587
55113,Sawyer County,1257.6
55115,Shawano County,893.225
55117,Sheboygan County,511.519
55119,Taylor County,975.052
55121,Trempealeau County,732.966
55123,Vernon County,791.563
55125,Vilas County,857.71
55127,Walworth County,555.433
55129,Washburn County,797.114
55131,Washington County,430.644
55133,Waukesha County,549.725
55135,Waupaca County,747.702
55137,Waushara County,626.161
55139,Winnebago County,434.697
55141,Wood County,793.017
56001,Albany County,4274.175
56003,Big Horn County,3136.957
56005,Campbell County,4802.065
56007,Carbon County,7897.746
56009,Converse County,4254.995
56011,Crook County,2854.48
56013,Fremont County,9183.59
56015,Goshen County,2225.613
56017,Hot Springs County,2004.431
56019,Johnson County,4154.152
56021,Laramie County,2685.864
56023,Lincoln County,4075.337
56025,Natrona County,5340.537
56027,Niobrara County,2626.028
56029,Park County,6939.039
56031,Platte County,2081.459
56033,Sheridan County,2523.361
56035,Sublette County,4886.482
56037,Sweetwater County,10426.98
56039,Teton County,3996.846
56041,Uinta County,2081.721
56043,Washakie County,2238.679
56045,Weston County,2398.005
72001,Adjuntas Municipio,66.69
72003,Aguada Municipio,30.859
72005,Aguadilla Municipio,36.542
72007,Aguas Buenas Municipio,30.085
72009,Aibonito Municipio,31.312
72011,Aasco Municipio,39.293
72013,Arecibo Municipio,125.94
72015,Arroyo Municipio,15.009
72017,Barceloneta Municipio,18.696
72019,Barranquitas Municipio,34.253
72021,Bayamn Municipio,44.439
72023,Cabo Rojo Municipio,70.366
72025,Caguas Municipio,58.604
72027,Camuy Municipio,46.355
72029,Canvanas Municipio,32.869
72031,Carolina Municipio,45.378
72033,Catao Municipio,4.832
72035,Cayey Municipio,51.935
72037,Ceiba Municipio,29.036
72039,Ciales Municipio,66.529
72041,Cidra Municipio,36.023
72043,Coamo Municipio,78.013
72045,Comero Municipio,28.401
72047,Corozal Municipio,42.567
72049,Culebra Municipio,11.647
72051,Dorado Municipio,23.116
72053,Fajardo Municipio,29.907
72054,Florida Municipio,15.214
72055,Gunica Municipio,37.05
72057,Guayama Municipio,65.037
72059,Guayanilla Municipio,42.271
72061,Guaynabo Municipio,27.585
72063,Gurabo Municipio,27.885
72065,Hatillo Municipio,41.777
72067,Hormigueros Municipio,11.346
72069,Humacao Municipio,44.719
72071,Isabela Municipio,55.311
72073,Jayuya Municipio,44.533
72075,Juana Daz Municipio,60.278
72077,Juncos Municipio,26.49
72079,Lajas Municipio,59.957
72081,Lares Municipio,61.45
72083,Las Maras Municipio,46.36
72085,Las Piedras Municipio,33.88
72087,Loza Municipio,19.374
72089,Luquillo Municipio,25.811
72091,Manat Municipio,45.14
72093,Maricao Municipio,36.623
72095,Maunabo Municipio,21.165
72097,Mayagez Municipio,77.589
72099,Moca Municipio,50.341
72101,Morovis Municipio,38.871
72103,Naguabo Municipio,51.661
72105,Naranjito Municipio,27.401
72107,Orocovis Municipio,63.625
72109,Patillas Municipio,46.604
72111,Peuelas Municipio,44.618
72113,Ponce Municipio,114.938
72115,Quebradillas Municipio,22.683
72117,Rincn Municipio,14.288
72119,Ro Grande Municipio,60.621
72121,Sabana Grande Municipio,36.313
72123,Salinas Municipio,69.404
72125,San Germn Municipio,54.497
72127,San Juan Municipio,47.886
72129,San Lorenzo Municipio,53.108
72131,San Sebastin Municipio,70.423
72133,Santa Isabel Municipio,34.05
72135,Toa Alta Municipio,27.017
72137,Toa Baja Municipio,23.244
72139,Trujillo Alto Municipio,20.758
72141,Utuado Municipio,113.532
72143,Vega Alta Municipio,27.728
72145,Vega Baja Municipio,45.848
72147,Vieques Municipio,50.788
72149,Villalba Municipio,35.637
72151,Yabucoa Municipio,55.215
72153,Yauco Municipio,67.712
