Name,Lat,Lon
Acadia National Park,44.3386,-68.2733
American Samoa National Park,-14.2583,-170.6833
Arches National Park,38.7331,-109.5925
Badlands National Park,43.8554,-102.3397
Big Bend National Park,29.2498,-103.2502
Biscayne National Park,25.4824,-80.1956
Black Canyon of the Gunnison National Park,38.5754,-107.7416
Bryce Canyon National Park,37.5930,-112.1871
Canyonlands National Park,38.3269,-109.8783
Capitol Reef National Park,38.3670,-111.2615
Carlsbad Caverns National Park,32.1479,-104.5567
Channel Islands National Park,34.0069,-119.7785
Congaree National Park,33.7919,-80.7812
Crater Lake National Park,42.8684,-122.1685
Cuyahoga Valley National Park,41.2808,-81.5678
Death Valley National Park,36.5323,-116.9325
Denali National Park,63.1148,-151.1926
Dry Tortugas National Park,24.6285,-82.8732
Everglades National Park,25.2866,-80.8987
Gates of the Arctic National Park,67.8864,-153.1872
Gateway Arch National Park,38.6247,-90.1848
Glacier Bay National Park,58.6658,-136.9002
Glacier National Park,48.7596,-113.7870
Grand Canyon National Park,36.1070,-112.1130
Grand Teton National Park,43.7904,-110.6818
Great Basin National Park,38.9833,-114.3000
Great Sand Dunes National Park,37.7916,-105.5943
Great Smoky Mountains National Park,35.6118,-83.4895
Guadalupe Mountains National Park,31.9230,-104.8687
Haleakala National Park,20.7097,-156.2535
Hawaii Volcanoes National Park,19.4194,-155.2885
Hot Springs National Park,34.5194,-93.0531
Indiana Dunes National Park,41.6533,-87.0524
Isle Royale National Park,47.9959,-88.9093
Joshua Tree National Park,33.8734,-115.9010
Katmai National Park,58.5000,-155.0000
Kenai Fjords National Park,59.9257,-149.6534
Kings Canyon National Park,36.8879,-118.5551
Kobuk Valley National Park,67.5500,-159.2833
Lake Clark National Park,60.9705,-153.4165
Lassen Volcanic National Park,40.4977,-121.4207
Mammoth Cave National Park,37.1862,-86.1005
Mesa Verde National Park,37.2309,-108.4618
Mount Rainier National Park,46.8800,-121.7269
New River Gorge National Park,37.8405,-81.0001
North Cascades National Park,48.7718,-121.2985
Olympic National Park,47.8021,-123.6044
Petrified Forest National Park,34.9100,-109.8068
Pinnacles National Park,36.4906,-121.1825
Redwood National Park,41.2132,-124.0046
Rocky Mountain National Park,40.3428,-105.6836
Saguaro National Park,32.2967,-111.1666
Sequoia National Park,36.4864,-118.5658
Shenandoah National Park,38.2928,-78.6796
Theodore Roosevelt National Park,46.9790,-103.5387
Virgin Islands National Park,18.3478,-64.7985
Voyageurs National Park,48.4841,-92.8271
White Sands National Park,32.7872,-106.3257
Wind Cave National Park,43.5710,-103.4436
Wrangell-St Elias National Park,61.7104,-142.9857
Yellowstone National Park,44.4280,-110.5885
Yosemite National Park,37.8651,-119.5383
Zion National Park,37.2982,-113.0263

